# # alphas_L2,errors_L2,lambdas_L2,errors_L1,lambdas_L1,errors_Huber,lambdas_Huber,huber_params,errors_BO
1.000000000000000472e-01,9.833465323814527537e-01,3.134192276377775421e+00,9.823564979649588302e-01,2.024601429462064228e+00,9.798299592897241617e-01,1.683550142969321373e+00,1.107934828611691902e+00,9.792943230323682968e-01
1.047322228818895473e-01,9.825703452151476336e-01,3.133763205617741132e+00,9.815307348497864792e-01,2.023956731874767101e+00,9.788872544668119069e-01,1.682522755088269539e+00,1.107626285104139185e+00,9.783249162011309341e-01
1.096883850978178226e-01,9.817585636809508243e-01,3.133312381563917448e+00,9.806667789922054457e-01,2.023281356450874924e+00,9.779010742780032128e-01,1.681447615300373899e+00,1.107303857312329498e+00,9.773106457190495755e-01
1.148790839561917992e-01,9.809096111919496375e-01,3.132838272700334326e+00,9.797629081062919632e-01,2.022573982883985266e+00,9.768694704329455858e-01,1.680322481715449623e+00,1.106966755812003989e+00,9.762494864766934066e-01
1.203154182536717437e-01,9.800218466636733128e-01,3.132339325564846177e+00,9.788173265582702509e-01,2.021833384585653093e+00,9.757904128676634370e-01,1.679145659225838028e+00,1.106615015142229819e+00,9.751393270175093830e-01
1.260090120067130504e-01,9.790935623925908216e-01,3.131814618340443168e+00,9.778281626722044040e-01,2.021057585156437852e+00,9.746617868634390724e-01,1.677914185967720240e+00,1.106247347584028207e+00,9.739779663694734246e-01
1.319720393061375729e-01,9.781229819173385964e-01,3.131262222411428375e+00,9.767934659814008214e-01,2.020245365854846487e+00,9.734813901219330212e-01,1.676625865417796124e+00,1.105863376363250161e+00,9.727631108152239303e-01
1.382172503478787950e-01,9.771082578689112008e-01,3.130681107043080225e+00,9.757112044297340248e-01,2.019394650845830697e+00,9.722469298029641216e-01,1.675277843496689512e+00,1.105462172090161399e+00,9.714923706070441867e-01
1.447579986955596087e-01,9.760474698168858376e-01,3.130069086079954932e+00,9.745792615279138538e-01,2.018503658743004081e+00,9.709560195324196119e-01,1.673867677493547701e+00,1.105043148603412462e+00,9.701632566308125982e-01
1.516082698331961687e-01,9.749386221196607583e-01,3.129425095296780590e+00,9.733954334706123035e-01,2.017570709869284329e+00,9.696061763889308738e-01,1.672392948574116245e+00,1.104605947751612582e+00,9.687731770329730541e-01
1.587827110690794297e-01,9.737796417876770638e-01,3.128746878502856710e+00,9.721574262213625861e-01,2.016593649163649360e+00,9.681948178792373350e-01,1.670850200700754851e+00,1.104149379968749400e+00,9.673194338098489720e-01
1.662966628547748460e-01,9.725683763696602036e-01,3.128032555456445429e+00,9.708628525732421188e-01,2.015570496784827803e+00,9.667192589135745751e-01,1.669236378311564906e+00,1.103672691215748625e+00,9.657992193798707881e-01
1.741661915862071364e-01,9.713025918730739949e-01,3.127280136927602872e+00,9.695092291945743845e-01,2.014499063722361871e+00,9.651767087939857603e-01,1.667548592942976082e+00,1.103175253221506447e+00,9.642096131449930940e-01
1.824081239569651236e-01,9.699799707312215524e-01,3.126487711454979390e+00,9.680939736702167675e-01,2.013377048898743471e+00,9.635642682301631678e-01,1.665783809783509595e+00,1.102656314667024073e+00,9.625475780574990203e-01
1.910400829372819187e-01,9.685981098307636650e-01,3.125652103753549405e+00,9.666144015504901654e-01,2.012202034043475862e+00,9.618789263993048344e-01,1.663938024706318242e+00,1.102114755952762426e+00,9.608099572081503226e-01
2.000805254556206336e-01,9.671545186148590156e-01,3.124771261357138563e+00,9.650677234214195543e-01,2.010971580605453113e+00,9.601175580685246125e-01,1.662008184406378986e+00,1.101549957754770492e+00,9.589934704533442655e-01
2.095487818634362565e-01,9.656466172837726569e-01,3.123842986966047341e+00,9.634510420117428087e-01,2.009683104641723617e+00,9.582769208005985639e-01,1.659990342415042175e+00,1.100960895550123109e+00,9.570947111043637268e-01
2.194650972674984934e-01,9.640717350807401775e-01,3.122863747321219297e+00,9.617613493540936309e-01,2.008333854053660161e+00,9.563536522662793304e-01,1.657880539729839953e+00,1.100346514355022620e+00,9.551101426991343013e-01
2.298506748181520787e-01,9.624271087593668783e-01,3.121830760403001115e+00,9.599955240198959627e-01,2.006920939888034550e+00,9.543442676890723231e-01,1.655675023544900704e+00,1.099706176059743745e+00,9.530360958828306694e-01
2.407277210460740113e-01,9.607098811532623905e-01,3.120740803889229920e+00,9.581503284498367190e-01,2.005441361648040210e+00,9.522451574512675876e-01,1.653369713137041730e+00,1.099038755265221878e+00,9.508687654368586095e-01
2.521194933444674269e-01,9.589170999474573298e-01,3.119590802364363924e+00,9.562224064043181038e-01,2.003892253746561547e+00,9.500525848931604678e-01,1.650960070240750976e+00,1.098343273069220416e+00,9.486042074705520744e-01
2.640503496982181675e-01,9.570457166473369526e-01,3.118376674817628924e+00,9.542082805610451191e-01,2.002269954424238385e+00,9.477626843407919166e-01,1.648441711958080091e+00,1.097618748916250997e+00,9.462383368327362820e-01
2.765458007663464390e-01,9.550925857781455974e-01,3.117094320025593390e+00,9.521043502898944855e-01,2.000571251276868523e+00,9.453714594012145866e-01,1.645809934897314086e+00,1.096864101151639348e+00,9.437669247730446909e-01
2.896325644291160017e-01,9.530544643453278120e-01,3.115740518568170359e+00,9.499068896384466054e-01,1.998792736878961529e+00,9.428747815682421152e-01,1.643060155305233305e+00,1.096078517726822410e+00,9.411855969032993929e-01
3.033386229164339309e-01,9.509280115882720041e-01,3.114310085785388704e+00,9.476120455688579192e-01,1.996930382119811220e+00,9.402683891858939491e-01,1.640187140990374548e+00,1.095260666720596188e+00,9.384898315099816646e-01
3.176932826396939302e-01,9.487097890624081042e-01,3.112798633680194271e+00,9.452158364641540800e-01,1.994980445235643884e+00,9.375478868212928640e-01,1.637185657055237886e+00,1.094409518935253622e+00,9.356749582753123295e-01
3.327272368549953896e-01,9.463962610870381154e-01,3.111200786824478648e+00,9.427141510044486639e-01,1.992938805626238707e+00,9.347087451036524275e-01,1.634050650978859043e+00,1.093524183471185074e+00,9.327361574676086287e-01
3.484726312917260094e-01,9.439837955987637752e-01,3.109511335866209425e+00,9.401027473884255858e-01,1.990801113165326930e+00,9.317463010955175928e-01,1.630776177854159181e+00,1.092603299366616376e+00,9.296684596779256626e-01
3.649631328868354618e-01,9.414686654528687804e-01,3.107725206212400337e+00,9.373772530084530930e-01,1.988563060039271857e+00,9.286557592377129300e-01,1.627356765561387197e+00,1.091645868802493036e+00,9.264667461675017979e-01
3.822340017717670291e-01,9.388470502175180199e-01,3.105835514295475441e+00,9.345331646162170491e-01,1.986219813937783352e+00,9.254321930050044553e-01,1.623786393263392247e+00,1.090650872624226109e+00,9.231257499224460039e-01
4.003221666659724232e-01,9.361150385080875269e-01,3.103835898096267698e+00,9.315658490462424002e-01,1.983766816101623309e+00,9.220705472674380898e-01,1.620058961641359208e+00,1.089617161110753019e+00,9.196400575003648159e-01
4.192663038382153373e-01,9.332686309113533696e-01,3.101719319985391632e+00,9.284705445665921708e-01,1.981198511428238884e+00,9.185656415054568313e-01,1.616168283089082003e+00,1.088543781150222101e+00,9.160041117731231308e-01
4.391069198044996735e-01,9.303037435537726552e-01,3.099478630708559557e+00,9.252423629318278220e-01,1.978509856873720274e+00,9.149121739462868774e-01,1.612107434262838535e+00,1.087429293845855849e+00,9.122122156763889933e-01
4.598864379394483337e-01,9.272162123547269541e-01,3.097105787470871618e+00,9.218762922193330933e-01,1.975695236709327451e+00,9.111047267247407433e-01,1.607869973178619905e+00,1.086272972816531457e+00,9.082585370720575035e-01
4.816492891863254355e-01,9.240017980537386100e-01,3.094592266592817609e+00,9.183672005363835433e-01,1.972748960386349948e+00,9.071377721745130795e-01,1.603449034416815078e+00,1.085073657069091535e+00,9.041371148891903520e-01
5.044420070596586925e-01,9.206561920258192755e-01,3.091929071479612823e+00,9.147098406917739677e-01,1.969664846911731493e+00,9.030056803631202333e-01,1.598837299014697289e+00,1.083830268463248370e+00,8.998418666350093131e-01
5.283133271435984657e-01,9.171750229764554785e-01,3.089106434776431875e+00,9.108988559323928369e-01,1.966436572922327652e+00,8.987027279907191524e-01,1.594027389115978854e+00,1.082541887717018092e+00,8.953665974645678149e-01
5.533142912987595308e-01,9.135538645633305421e-01,3.086114475686048131e+00,9.069287868517609263e-01,1.963057632095742466e+00,8.942231087800106559e-01,1.589011797267907200e+00,1.081207453828166631e+00,8.907050109441113639e-01
5.794983568003639895e-01,9.097882440073143950e-01,3.082941467705475169e+00,9.027940795841451482e-01,1.959521201863666739e+00,8.895609454911308500e-01,1.583782827523847914e+00,1.079826135610694182e+00,8.858507217198947625e-01
6.069215106410443816e-01,9.058736517529550891e-01,3.079575909941343337e+00,8.984890954043095457e-01,1.955819872086147715e+00,8.847103037017269855e-01,1.578332370450229671e+00,1.078397049942383390e+00,8.807972702138591181e-01
6.356423892427093270e-01,9.018055522378449762e-01,3.076005725743419017e+00,8.940081218591294787e-01,1.951946336006846527e+00,8.796652074980597646e-01,1.572652535143320929e+00,1.076919460074815760e+00,8.755381396020314178e-01
6.657224038334418337e-01,8.975793958285862573e-01,3.072216807252656334e+00,8.893453855672815989e-01,1.947892780762427556e+00,8.744196572277510571e-01,1.566734955263673346e+00,1.075392730752018133e+00,8.700667752454890325e-01
6.972258717575127163e-01,8.931906319785051229e-01,3.068195522798031316e+00,8.844950667989133208e-01,1.943651010613585139e+00,8.689676494730320666e-01,1.560570830902023198e+00,1.073815964285861124e+00,8.643766067748128723e-01
7.302201539992750901e-01,8.886347236586644716e-01,3.063925963417413634e+00,8.794513160381134398e-01,1.939212715127486053e+00,8.633031993735458265e-01,1.554151744939570090e+00,1.072188873020080591e+00,8.584610731120815297e-01
7.647757992149974982e-01,8.839071631089533421e-01,3.059392353713834556e+00,8.742082725916544561e-01,1.934568928936563736e+00,8.574203655220413722e-01,1.547468615310698459e+00,1.070510826970057394e+00,8.523136505318099632e-01
8.009666945806027671e-01,8.790034889499639403e-01,3.054576968252620262e+00,8.687600854492518732e-01,1.929710694708206553e+00,8.513132774997544949e-01,1.540512715778821207e+00,1.068781750303257283e+00,8.459278841323762954e-01
8.388702237778598025e-01,8.739193046888809047e-01,3.049461541692527256e+00,8.631009365172858105e-01,1.924628249307641426e+00,8.449761662651156247e-01,1.533274479020751313e+00,1.067001234150389166e+00,8.392974228250965618e-01
8.785674324568332194e-01,8.686502986451378749e-01,3.044026274102628271e+00,8.572250663725338171e-01,1.919311906483938124e+00,8.384033975110275483e-01,1.525744707081473361e+00,1.065169240070120482e+00,8.324160581193709163e-01
9.201432015283845800e-01,8.631922652998541556e-01,3.038250019671557389e+00,8.511268026731614311e-01,1.913751167728394265e+00,8.315895081226550856e-01,1.517914108566988940e+00,1.063286143935301187e+00,8.252777668773986219e-01
9.636864286572612848e-01,8.575411280931629632e-01,3.032110540998998349e+00,8.448005913554250679e-01,1.907935407331664335e+00,8.245292458458344242e-01,1.509772830546602496e+00,1.061351963737133364e+00,8.178767582632697764e-01
1.009290218343843915e+00,8.516929636253274261e-01,3.025583806930997710e+00,8.382410307317882392e-01,1.901853633047846603e+00,8.172176122527703424e-01,1.501311382910765602e+00,1.059367325639857693e+00,8.102075249984947991e-01
1.057052081000983579e+00,8.456440272542722347e-01,3.018644368058022387e+00,8.314429085930057362e-01,1.895494221088643849e+00,8.096499090616861016e-01,1.492519589720211926e+00,1.057332635548615674e+00,8.022648990812656367e-01
1.107074141451601212e+00,8.393907800321381840e-01,3.011265346689694589e+00,8.244012423651406740e-01,1.888845287788443628e+00,8.018217878344899852e-01,1.483387786036248546e+00,1.055249001474676707e+00,7.940441120315235857e-01
1.159463357292854990e+00,8.329299169133355107e-01,3.003418011613230298e+00,8.171113224286461474e-01,1.881894444633546826e+00,7.937293029968774949e-01,1.473906239260162732e+00,1.053117630809130567e+00,7.855408596744956062e-01
1.214331747593791588e+00,8.262583961425054024e-01,2.995071564227647087e+00,8.095687585321955648e-01,1.874628711647578383e+00,7.853689681689541846e-01,1.464064441382799453e+00,1.050939536834878396e+00,7.767513714080995779e-01
1.271796632415473471e+00,8.193734697062481365e-01,2.986193541618001213e+00,8.017695293268864987e-01,1.867034825608769655e+00,7.767378155673190232e-01,1.453852452463605616e+00,1.048716523864154704e+00,7.676724837947210833e-01
1.331980883665738524e+00,8.122727147060502251e-01,2.976749481270717368e+00,7.937100349145773670e-01,1.859099389875897845e+00,7.678334583214966313e-01,1.443260075812391907e+00,1.046450249305558966e+00,7.583017182019048397e-01
1.395013187824962531e+00,8.049540654817832763e-01,2.966702650853378920e+00,7.853871522697130070e-01,1.850807793672061274e+00,7.586541553662838888e-01,1.432277342048310143e+00,1.044143097756286220e+00,7.486373621202407902e-01
1.461028321104591354e+00,7.974158462856807406e-01,2.956014117959592458e+00,7.767982933200369144e-01,1.842145458401547087e+00,7.491988785021616026e-01,1.420893663186294065e+00,1.041797242999359163e+00,7.386785535928661606e-01
1.530167437626788862e+00,7.896568042776170859e-01,2.944642534260341726e+00,7.679414653913831934e-01,1.833097381774100754e+00,7.394673810999214947e-01,1.409099042328450846e+00,1.039415539112841902e+00,7.284253680481505011e-01
1.602578371241385025e+00,7.816761425717548839e-01,2.932544468992984932e+00,7.588153336363007151e-01,1.823647551545797940e+00,7.294602678077422020e-01,1.396883023749189157e+00,1.037000888425901213e+00,7.178789066277198039e-01
1.678415951625481739e+00,7.734735530620845401e-01,2.919673391662946038e+00,7.494192849333862760e-01,1.813780133322581367e+00,7.191790644512884301e-01,1.384235457639340527e+00,1.034556640891222123e+00,7.070413848878417395e-01
1.757842335341586182e+00,7.650492486768468714e-01,2.905979965621338756e+00,7.397534927314637354e-01,1.803478226968588061e+00,7.086262872777475685e-01,1.371145590650026058e+00,1.032086182037364352e+00,6.959162205480771135e-01
1.841027352562161212e+00,7.564039947288936361e-01,2.891412666310851698e+00,7.298189820387076532e-01,1.792724797278455462e+00,6.978055103827480732e-01,1.357603505378952580e+00,1.029593774151558172e+00,6.845081186796062589e-01
1.928148870201952247e+00,7.475391389745037474e-01,2.875916396768633643e+00,7.196176937878138169e-01,1.781502000480273962e+00,6.867214301732524895e-01,1.343598210260870118e+00,1.027083270372658008e+00,6.728231525586229056e-01
2.019393172234542622e+00,7.384566399780855273e-01,2.859432981404596674e+00,7.091525475918826205e-01,1.769791666706334921e+00,6.753799254801124974e-01,1.329119197546910769e+00,1.024559228461084937e+00,6.608688381622613850e-01
2.114955358006339825e+00,7.291590933588047996e-01,2.841901305457931848e+00,6.984275018094801002e-01,1.757574913193439947e+00,6.637881118307616957e-01,1.314155717617908614e+00,1.022026414387358972e+00,6.486541998781716334e-01
2.215039759399663577e+00,7.196497554800578289e-01,2.823256558920053561e+00,6.874476097166950517e-01,1.744832496094193441e+00,6.519543882712106608e-01,1.298696717716347981e+00,1.019489746546938580e+00,6.361898253318861718e-01
2.319860377736924661e+00,7.099325641336111659e-01,2.803430508874066529e+00,6.762190704425486976e-01,1.731544327818318241e+00,6.398884750409445932e-01,1.282730953563542720e+00,1.016954418476527788e+00,6.234879064160101514e-01
2.429641341360078144e+00,7.000121557681645568e-01,2.782351395754717682e+00,6.647492733194718673e-01,1.717689839678247399e+00,6.276014403113430173e-01,1.266246850151371284e+00,1.014425942717172902e+00,6.105622640941451573e-01
2.544617384863766318e+00,6.898938788180213333e-01,2.759942884501423777e+00,6.530468340829168605e-01,1.703247962396773785e+00,6.151057142979819981e-01,1.249232288563245419e+00,1.011909741970714371e+00,5.974283543565391819e-01
2.665034351006827507e+00,6.795838027023399786e-01,2.736125654510261462e+00,6.411216214577922790e-01,1.688196731497565883e+00,6.024150889230305284e-01,1.231674713811168997e+00,1.009411430002505439e+00,5.841032527892107140e-01
2.791149716375387779e+00,6.690887220912538069e-01,2.710815390987030504e+00,6.289847725839269321e-01,1.672513599017225294e+00,5.895447014903369976e-01,1.213561229647128537e+00,1.006936988544359757e+00,5.706056156064049922e-01
2.923233141921497413e+00,6.584161560594976592e-01,2.683924034885509791e+00,6.166486958060074519e-01,1.656175369248817031e+00,5.765110009155256510e-01,1.194877903452919776e+00,1.004492049041025847e+00,5.569556152653944991e-01
3.061567049554483777e+00,6.475743418230330839e-01,2.655358377069259479e+00,6.041270594489306367e-01,1.639157900244466948e+00,5.633316953492143453e-01,1.175610112158455900e+00,1.002082538022229130e+00,5.431748493635166763e-01
3.206447226017890006e+00,6.365722227599879268e-01,2.625021365459596634e+00,5.914347653583399422e-01,1.621436195487312437e+00,5.500256803694170138e-01,1.155742156576904822e+00,9.997141471198004448e-01,5.292862221392290456e-01
3.358183455343217716e+00,6.254194305313960367e-01,2.592810419467035832e+00,5.785879062128368444e-01,1.602984504607344540e+00,5.366129473406476835e-01,1.135257269420578030e+00,9.973923986865458335e-01,5.153137987354182714e-01
3.517100181232796885e+00,6.141262611629709767e-01,2.558617969439198170e+00,5.656037058679956875e-01,1.583776092186036877e+00,5.231144720301631468e-01,1.114137533178444217e+00,9.951228525227907573e-01,5.012826332229711745e-01
3.683537200788071786e+00,6.027036450417735391e-01,2.522331798442082107e+00,5.525004424367059297e-01,1.563782915779689642e+00,5.095520841233169840e-01,1.092363285657215854e+00,9.929106281499691100e-01,4.872185723162465454e-01
3.857850391066676821e+00,5.911631108702881665e-01,2.483833665869811469e+00,5.392973540557922663e-01,1.542976042738460007e+00,4.959483188771989237e-01,1.069913653060349468e+00,9.907606997896853951e-01,4.731480377711001495e-01
4.040412470021797375e+00,5.795167437155981371e-01,2.443000126019229334e+00,5.260145278937600199e-01,1.521324883454520549e+00,4.823262527188947324e-01,1.046765548481714436e+00,9.886775269296022017e-01,4.590977912756550872e-01
4.231613793450884842e+00,5.677771373895887930e-01,2.399701691593525421e+00,5.126727733417453248e-01,1.498798171364540632e+00,4.687093253087113442e-01,1.022894350613974490e+00,9.866654362205111717e-01,4.450946865851235223e-01
4.431863189657759605e+00,5.559573414950235160e-01,2.353802913503947103e+00,4.992934808516538148e-01,1.475362280244390867e+00,4.551211509416919210e-01,9.982729909607745977e-01,9.847281661370974604e-01,4.311654143103100800e-01
4.641588833612781961e+00,5.440708035694061806e-01,2.305162343533381453e+00,4.858984683633011947e-01,1.450982507258475884e+00,4.415853228309694067e-01,9.728723544476318708e-01,9.828690529815080623e-01,4.173362451464699419e-01
4.861239162480234022e+00,5.321313068510429289e-01,2.253631684678665259e+00,4.725098177114779308e-01,1.425622113376490585e+00,4.281252140676929940e-01,9.466606824279086840e-01,9.810907622460969257e-01,4.036327778820445467e-01
5.091283834470494263e+00,5.201529042769945654e-01,2.199056163161264621e+00,4.591497037959237915e-01,1.399242742098682601e+00,4.147637793258098782e-01,9.196037423600502692e-01,9.793956051886697489e-01,3.900796979857199531e-01
5.332214733067247359e+00,5.081498493980783904e-01,2.141273935795502403e+00,4.458402196094939374e-01,1.371803258540423176e+00,4.015233614576216858e-01,8.916643658971198372e-01,9.777854462960369197e-01,3.767005530298122018e-01
5.584547018776937932e+00,4.961365249593574500e-01,2.080116355685944995e+00,4.326032004326370028e-01,1.343260978742946588e+00,3.884255070467719229e-01,8.628023468950288821e-01,9.762612891003922266e-01,3.635175492603974767e-01
5.848820230649377727e+00,4.841273699435997280e-01,2.015406510370945092e+00,4.194600506007024610e-01,1.313570393355949939e+00,3.754907947433590021e-01,8.329750132767729243e-01,9.748240110222328170e-01,3.505513749852100513e-01
6.125599439924749312e+00,4.721368059083712598e-01,1.946960500943425432e+00,4.064315762258752240e-01,1.282683369793914618e+00,3.627386798061205120e-01,8.021355699931161931e-01,9.734735061939652212e-01,3.378210529592768907e-01
6.415476458273762894e+00,4.601791634635878925e-01,1.874585975817516292e+00,3.935378271059550848e-01,1.250549187706825549e+00,3.501873577888270361e-01,7.702346829578439191e-01,9.722094935907563684e-01,3.253438247559428120e-01
6.719071103214427687e+00,4.482686097349199983e-01,1.798081908130105599e+00,3.807979507836609656e-01,1.217114001263745360e+00,3.378536495610435786e-01,7.372190853392817100e-01,9.710309908044283400e-01,3.131350680172140244e-01
7.037032523411162366e+00,4.364190776394001325e-01,1.717239076993760438e+00,3.682300613455673499e-01,1.182320640709085602e+00,3.257529093514253127e-01,7.030320285831556104e-01,9.699367145590869210e-01,3.012082465817427224e-01
7.370040586690031148e+00,4.246441977635180276e-01,1.631838930351393602e+00,3.558511250884277555e-01,1.146108846297719586e+00,3.138989565734349174e-01,6.676134650508308566e-01,9.689249726524096218e-01,2.895748924590382245e-01
7.718807333737919052e+00,4.129572335821374285e-01,1.541653410670409396e+00,3.436768646563710394e-01,1.108414653962205509e+00,3.023040315904199637e-01,6.308990526728103232e-01,9.679934027565340049e-01,2.782446175973820601e-01
8.084078500594028327e+00,4.013710206903775557e-01,1.446444356608356241e+00,3.317216826921702832e-01,1.069170634026282318e+00,2.909787748557015608e-01,5.928208803834731366e-01,9.671397417297968868e-01,2.672251527447984110e-01
8.466635113189049378e+00,3.898979106422575391e-01,1.345963969515424186e+00,3.199986054725791895e-01,1.028305096755266490e+00,2.799322282599314704e-01,5.533070984350521027e-01,9.663610992803384203e-01,2.565224100849405886e-01
8.867295157341471779e+00,3.785497199018124093e-01,1.239953082069650492e+00,3.085192464784285438e-01,9.857423456580270971e-01,2.691718570034922209e-01,5.122815011690633469e-01,9.656545278391102105e-01,2.461405659862383466e-01
9.286915327781862572e+00,3.673376843171964889e-01,1.128141188898470482e+00,2.972937892452545139e-01,9.414025606817160163e-01,2.587035899067753331e-01,4.696641293798084482e-01,9.650168004591981319e-01,2.360821600451337154e-01
9.726392859944859026e+00,3.562724194273181322e-01,1.010246875649931875e+00,2.863309885535660904e-01,8.952013148559703204e-01,2.485318757777366105e-01,4.253705057009374291e-01,9.644445803217847057e-01,2.263482065904325324e-01
1.018666744844563610e+01,3.453638868196449163e-01,8.859755488141767277e-01,2.756381884798966286e-01,8.470498048607556507e-01,2.386597533187864162e-01,3.793116806632752525e-01,9.639343726483347030e-01,2.169383149756860529e-01
1.066872325634296281e+01,3.346213666265878128e-01,7.550203213114132783e-01,2.652213556390929927e-01,7.968538717366302482e-01,2.290889318822826315e-01,3.313941599661134330e-01,9.634828199993749065e-01,2.078508152497855477e-01
1.117359101948509625e+01,3.240534362040179417e-01,6.170605648922222741e-01,2.550851257101027780e-01,7.445149478554695666e-01,2.198198806009241668e-01,2.815203798896548371e-01,9.630861218184190164e-01,1.990828861234659186e-01
1.170235025043791310e+01,3.136679548910428217e-01,4.717621320807418028e-01,2.452328612222336446e-01,6.899288115946111688e-01,2.108519233439904994e-01,2.295870240965827147e-01,9.627409719980071223e-01,1.906306825801598048e-01
1.225613154670799432e+01,3.034720546993243673e-01,3.187752613070561902e-01,2.356667185326308811e-01,6.329856778754539004e-01,2.021833372432015885e-01,1.754865406809831829e-01,9.624438033334683507e-01,1.824894608596068224e-01
1.283611900819578011e+01,2.934721366928221276e-01,1.577357663831082113e-01,2.263877219840679800e-01,5.735709565611404326e-01,1.938114527107008822e-01,1.191062179751975758e-01,9.621911573660613115e-01,1.746536989909666104e-01
1.344355276904818020e+01,2.836745915496994286e-01,1.000000000000000036e-10,2.173958432226288373e-01,5.115630763910592460e-01,1.857327531689865197e-01,6.032753127401897092e-02,9.619796061776969553e-01,1.671172114525025787e-01
1.407973164932397481e+01,2.742545447102644474e-01,1.000000000000000036e-10,2.086900839479741698e-01,4.468351692730407887e-01,1.779429897069015887e-01,1.000000000000000036e-10,9.616522691912722243e-01,1.598732569198098030e-01
1.474601593214191197e+01,2.653235273319189957e-01,1.000000000000000036e-10,2.002685603689831062e-01,3.792537448004555944e-01,1.705053317525093703e-01,1.000131260603666399e-10,9.515347422630080487e-01,1.529146383485009419e-01
1.544383027224981042e+01,2.568532483809824463e-01,1.000000000000000036e-10,1.921285879262499829e-01,3.086789427087515136e-01,1.634646237125858548e-01,1.000070910124159874e-10,9.412747015888727198e-01,1.462337950469765335e-01
1.617466674223338430e+01,2.488173263327808638e-01,1.000000000000000036e-10,1.842667650074643060e-01,2.349635700775626335e-01,1.567964530420922209e-01,1.000041180383535501e-10,9.308727756276666820e-01,1.398228864805128868e-01
1.694008802287872939e+01,2.411911349864417353e-01,1.000000000000000036e-10,1.766790545842518156e-01,1.579536316048827382e-01,1.504781749598511631e-01,1.000073400363178703e-10,9.203295745463853095e-01,1.336738679231523896e-01
1.774173074450960996e+01,2.339516640631511546e-01,1.000000000000000036e-10,1.693608629255427545e-01,7.748782848569624182e-02,1.444887613889438427e-01,1.000001132955216841e-10,9.096465382357069585e-01,1.277785580603996163e-01
1.858130898644450824e+01,2.270773929195635255e-01,1.000000000000000036e-10,1.623074432279614232e-01,1.000000000000000036e-10,1.388086649165796160e-01,1.000000248183160585e-10,8.988257823172847161e-01,1.221286989282299729e-01
1.946061794205563089e+01,2.205481759898100247e-01,1.000000000000000036e-10,1.555735913547140470e-01,1.000000000000000036e-10,1.334196960229587781e-01,1.000039771952789302e-10,8.878699432016695647e-01,1.167160086073890657e-01
2.038153775726667050e+01,2.143451386658403734e-01,1.000000000000000036e-10,1.491876470992683501e-01,1.000000000000000036e-10,1.283049121937303028e-01,1.000000000000000036e-10,8.767819494823374527e-01,1.115322270351701839e-01
2.134603755069700171e+01,2.084505825266163015e-01,1.000000000000000036e-10,1.431296849765217871e-01,1.000000000000000036e-10,1.234485175511927935e-01,1.000000000000000036e-10,8.655653145475943333e-01,1.065691555728423001e-01
2.235617962404779746e+01,2.028478989415418710e-01,1.000000000000000036e-10,1.373810995751247876e-01,1.000000000000000036e-10,1.188357718948787056e-01,1.000007744878530417e-10,8.542241971696440395e-01,1.018186907451528178e-01
2.341412387173331311e+01,1.975214901901365394e-01,1.000000000000000036e-10,1.319245020699402193e-01,1.000000000000000036e-10,1.144529081442902108e-01,1.000001922022882190e-10,8.427628423555111326e-01,9.727285273272734401e-02
2.452213239918541632e+01,1.924566973392829450e-01,1.000000000000000036e-10,1.267436262471832720e-01,1.000000000000000036e-10,1.102870572998844168e-01,1.000007697671256345e-10,8.311860209802743871e-01,9.292380910866149257e-02
2.568257435970689073e+01,1.876397342059512585e-01,1.000000000000000036e-10,1.218232430625851848e-01,1.000000000000000036e-10,1.063261801415167351e-01,1.000000000000000036e-10,8.194990925557978922e-01,8.876389431876585689e-02
2.689793102021523907e+01,1.830576268069230572e-01,1.000000000000000036e-10,1.171490827998202811e-01,1.000000000000000036e-10,1.025590049735718434e-01,1.000000786432065035e-10,8.077072498248600851e-01,8.478562537340983418e-02
2.817080106670870165e+01,1.786981577774746643e-01,1.000000000000000036e-10,1.127077641174591971e-01,1.000000000000000036e-10,9.897497080470740727e-02,1.000006091936167699e-10,7.958164183401155167e-01,8.098171417138866346e-02
2.950390616079907602e+01,1.745498152556332894e-01,1.000000000000000036e-10,1.084867292398632443e-01,1.000000000000000036e-10,9.556417541643513758e-02,1.000001352877773217e-10,7.838327072683066721e-01,7.734507691300751553e-02
3.090009675919159804e+01,1.706017458529567321e-01,1.000000000000000036e-10,1.044741847002144119e-01,1.000000000000000036e-10,9.231732785395863061e-02,1.000002218094618307e-10,7.717624837229827284e-01,7.386884090507028766e-02
3.236235820855607415e+01,1.668437113032208430e-01,1.000000000000000036e-10,1.006590470865234010e-01,1.000000000000000036e-10,8.922570486874459306e-02,1.000031916686414484e-10,7.596124020671057853e-01,7.054634915136293039e-02
3.389381712882038755e+01,1.632660484653170041e-01,1.000000000000000036e-10,9.703089330522596256e-02,1.000000000000000036e-10,8.628111098571311643e-02,1.000018353402340392e-10,7.473890706323231825e-01,6.737116301413137442e-02
3.549774809853622060e+01,1.598596323762455640e-01,1.000000000000000036e-10,9.357991492965123115e-02,1.000000000000000036e-10,8.347584181082967625e-02,1.000025812669064078e-10,7.350997415721736150e-01,6.433706322550802881e-02
3.717758065661062972e+01,1.566158420832388654e-01,1.000000000000000036e-10,9.029687624710103222e-02,1.000000000000000036e-10,8.080265029125399678e-02,1.000041197522361588e-10,7.227516619177870583e-01,6.143804948830400292e-02
3.893690663537565655e+01,1.535265290114402603e-01,1.000000000000000036e-10,8.717307565925103141e-02,1.000000000000000036e-10,7.825471565194352941e-02,1.000003354418240582e-10,7.103521136285790849e-01,5.866833896734502396e-02
4.077948784067487509e+01,1.505839876478778372e-01,1.000000000000000036e-10,8.420031012676010285e-02,1.000000000000000036e-10,7.582561476401994405e-02,1.000000000000000036e-10,6.979084942813086334e-01,5.602236359088275108e-02
4.270926409538861179e+01,1.477809283440805199e-01,1.000000000000000036e-10,8.137084238101022216e-02,1.000000000000000036e-10,7.350929572539155465e-02,1.000015836846432855e-10,6.854287837596528821e-01,5.349476681706510917e-02
4.473036166359722898e+01,1.451104520589319158e-01,1.000000000000000036e-10,7.867737065425850496e-02,1.000000000000000036e-10,7.130005345648005033e-02,1.000108724052475289e-10,6.729205660787240806e-01,5.108039950637843774e-02
4.684710207339387722e+01,1.425660268804920250e-01,1.000000000000000036e-10,7.611300070466398004e-02,1.000000000000000036e-10,6.919250713375779682e-02,1.000009048853145514e-10,6.603916379367547052e-01,4.877431536514387211e-02
4.906401135721317530e+01,1.401414661808519924e-01,1.000000000000000036e-10,7.367121993501979382e-02,1.000000000000000036e-10,6.718157930147405921e-02,1.000000000000000036e-10,6.478499871837685165e-01,4.657176592797873660e-02
5.138582972943204652e+01,1.378309082717545930e-01,1.000000000000000036e-10,7.134587342228559947e-02,1.000000000000000036e-10,6.526247651766414748e-02,1.000000000000000036e-10,6.353036766447688333e-01,4.446819523293110699e-02
5.381752172193703387e+01,1.356287974409928765e-01,1.000000000000000036e-10,6.913114170429324190e-02,1.000000000000000036e-10,6.343067140458646946e-02,1.000031341612338932e-10,6.227604132505646373e-01,4.245923423811159836e-02
5.636428679932835450e+01,1.335298662605617359e-01,1.000000000000000036e-10,6.702152015077755820e-02,1.000000000000000036e-10,6.168188598623847163e-02,1.000000000000000036e-10,6.102287453046371102e-01,4.054069508487789797e-02
5.903157047645996158e+01,1.315291190674268140e-01,1.000000000000000036e-10,6.501179981909022132e-02,1.000000000000000036e-10,6.001207620679727128e-02,1.000045130786020280e-10,5.977161490655370502e-01,3.870856524645227559e-02
6.182507596208575507e+01,1.296218165266136424e-01,1.000000000000000036e-10,6.309704964779427883e-02,1.000000000000000036e-10,5.841741753384965818e-02,1.000000831510304295e-10,5.852309717681818402e-01,3.695900162192500282e-02
6.475077635350909588e+01,1.278034611943152932e-01,1.000000000000000036e-10,6.127259988895983334e-02,1.000000000000000036e-10,5.689429155924075054e-02,1.000028978381981953e-10,5.727809875966768383e-01,3.528832462973707784e-02
6.781492740831097876e+01,1.260697840058979668e-01,1.000000000000000036e-10,5.953402667787477398e-02,1.000000000000000036e-10,5.543927351841282380e-02,1.000027607120015872e-10,5.603741986697596822e-01,3.369301230221410925e-02
7.102408092046378840e+01,1.244167316201545415e-01,1.000000000000000036e-10,5.787713764975266351e-02,1.000000000000000036e-10,5.404912065632117013e-02,1.000000000000000036e-10,5.480183755482080921e-01,3.216969447234441226e-02
7.438509872943372159e+01,1.228404545570358497e-01,1.000000000000000036e-10,5.629795852118224531e-02,1.000000000000000036e-10,5.272076137450554256e-02,1.000068999826908122e-10,5.357212850541008820e-01,3.071514701601674169e-02
7.790516739222402975e+01,1.213372960713570148e-01,1.000000000000000036e-10,5.479272056145800818e-02,1.000000000000000036e-10,5.145128509972152209e-02,1.000141213775446894e-10,5.234907113590735461e-01,2.932628620843691358e-02
8.159181354973313205e+01,1.199037817097881042e-01,1.000000000000000036e-10,5.335784888550487715e-02,1.000000000000000036e-10,5.023793281979083147e-02,1.000072051530748076e-10,5.113340268730353078e-01,2.800016319816500676e-02
8.545292002028226364e+01,1.185366095027622357e-01,1.000000000000000036e-10,5.198995150612795157e-02,1.000000000000000036e-10,4.907808823705805956e-02,1.000023051683177837e-10,4.992589334382908639e-01,2.673395861371230531e-02
8.949674265472474133e+01,1.172326407468926579e-01,1.000000000000000036e-10,5.068580908869124713e-02,1.000000000000000036e-10,4.796926949411517427e-02,1.000000000000000036e-10,4.872722072238920843e-01,2.552497731401515146e-02
9.373192798917742152e+01,1.159888913370494823e-01,1.000000000000000036e-10,4.944236535617907435e-02,1.000000000000000036e-10,4.690912143029968284e-02,1.000245547853410282e-10,4.753814466506465219e-01,2.437064328207516617e-02
9.816753173311739999e+01,1.148025236105048030e-01,1.000000000000000036e-10,4.825671809705345261e-02,1.000000000000000036e-10,4.589540833096106276e-02,1.000000000000000036e-10,4.635931982851697608e-01,2.326849468778680041e-02
1.028130381323781108e+02,1.136708386670277626e-01,1.000000000000000036e-10,4.712611073223893499e-02,1.000000000000000036e-10,4.492600713463823503e-02,1.000000006445225287e-10,4.519144585746633913e-01,2.221617909537321189e-02
1.076783802484443413e+02,1.125912691420196676e-01,1.000000000000000036e-10,4.604792440125127229e-02,1.000000000000000036e-10,4.399890106613435492e-02,1.000000000000000036e-10,4.403516310905404296e-01,2.121144883849113150e-02
1.127739611974090224e+02,1.115613723805171098e-01,1.000000000000000036e-10,4.501967053072197800e-02,1.000000000000000036e-10,4.311217366606912016e-02,1.000007275491953006e-10,4.289112136057854907e-01,2.025215655517986768e-02
1.181106763940060489e+02,1.105788240152394408e-01,1.000000000000000036e-10,4.403898385154225714e-02,1.000000000000000036e-10,4.226400318982248550e-02,1.000032145067808596e-10,4.175990810031882661e-01,1.933625088340273912e-02
1.236999368482777157e+02,1.096414119005839627e-01,1.000000000000000036e-10,4.310361583362398719e-02,1.000000000000000036e-10,4.145265735091130388e-02,1.000062636831766041e-10,4.064211402090550651e-01,1.846177231586798584e-02
1.295536935646948393e+02,1.087470303884672251e-01,1.000000000000000036e-10,4.221142850962866788e-02,1.000000000000000036e-10,4.067648838577309078e-02,1.000025403496255504e-10,3.953831680681419991e-01,1.762684921196666643e-02
1.356844630958961204e+02,1.078936749228833758e-01,1.000000000000000036e-10,4.136038866138735948e-02,1.000000000000000036e-10,3.993392841868637078e-02,1.000026354998680032e-10,3.844904631434132858e-01,1.682969396409528251e-02
1.421053543056890760e+02,1.070794369331558027e-01,1.000000000000000036e-10,4.054856234466130971e-02,1.000000000000000036e-10,3.922348510715090164e-02,1.000000000000000036e-10,3.737480612064233987e-01,1.606859931514748041e-02
1.488300963985331009e+02,1.063024990073111464e-01,1.000000000000000036e-10,3.977410972985140347e-02,1.000000000000000036e-10,3.854373754951501141e-02,1.000000000000000036e-10,3.631606904189451646e-01,1.534193482357837368e-02
1.558730682754427619e+02,1.055611303283177094e-01,1.000000000000000036e-10,3.903528023790925339e-02,1.000000000000000036e-10,3.789333243795289796e-02,1.000000000000000036e-10,3.527331753250141366e-01,1.464814347173537534e-02
1.632493292790762496e+02,1.048536823571553089e-01,1.000000000000000036e-10,3.833040795230124864e-02,1.000000000000000036e-10,3.727098044111842867e-02,1.000002749255338417e-10,3.424695689643196816e-01,1.398573841595740497e-02
1.709746513937519126e+02,1.041785847478040594e-01,1.000000000000000036e-10,3.765790728926687869e-02,1.000000000000000036e-10,3.667545280189798973e-02,1.000033278383030172e-10,3.323740300063152131e-01,1.335329986764643984e-02
1.790655529692379275e+02,1.035343414802554207e-01,1.000000000000000036e-10,3.701626890996889685e-02,1.000000000000000036e-10,3.610557813670323135e-02,1.000252150136040447e-10,3.224498103927939674e-01,1.274947211013155446e-02
1.875393340404298499e+02,1.029195271986163007e-01,1.000000000000000036e-10,3.640405585924910703e-02,1.000000000000000036e-10,3.556023942367581014e-02,1.000017595073631239e-10,3.127006927047627505e-01,1.217296063799300221e-02
1.964141133184343460e+02,1.023327837422385311e-01,1.000000000000000036e-10,3.581989991692080544e-02,1.000000000000000036e-10,3.503837116801644669e-02,1.000000000000000036e-10,3.031291962819454566e-01,1.162252942286001733e-02
2.057088669321497605e+02,1.017728168586182758e-01,1.000000000000000036e-10,3.526249814839110819e-02,1.000000000000000036e-10,3.453895673344309358e-02,1.000056666740419948e-10,2.937387412497668993e-01,1.109699829308752328e-02
2.154434690031886532e+02,1.012383930875553339e-01,1.000000000000000036e-10,3.473060964249552462e-02,1.000000000000000036e-10,3.406102582949732671e-02,1.000182896306056331e-10,2.845312243977293765e-01,1.059524042877613148e-02
2.256387341408937175e+02,1.007283368067508622e-01,1.000000000000000036e-10,3.422305242510303991e-02,1.000000000000000036e-10,3.360365214507865517e-02,1.000046140674583801e-10,2.755091856321722488e-01,1.011617996547520271e-02
2.363164619483150091e+02,1.002415274296586389e-01,1.000000000000000036e-10,3.373870053802852098e-02,1.000000000000000036e-10,3.316595111920905836e-02,1.000000000000000036e-10,2.666739811537260918e-01,9.658789702717829329e-03
2.474994836343049656e+02,9.977689674699985467e-02,1.000000000000000036e-10,3.327648127331173100e-02,1.000000000000000036e-10,3.274707784057939719e-02,1.000247406959533748e-10,2.580275037588048992e-01,9.222088913241499597e-03
2.592117108314054690e+02,9.933342640389364320e-02,1.000000000000000036e-10,3.283537255376911546e-02,1.000000000000000036e-10,3.234622506797024677e-02,1.000038302518612111e-10,2.495704932115301311e-01,8.805141248839243318e-03
2.714781867239066173e+02,9.891014550505938807e-02,1.000000000000000036e-10,3.241440045121013469e-02,1.000000000000000036e-10,3.196262136412220123e-02,1.000033107402310070e-10,2.413043001967236090e-01,8.407052738898856958e-03
2.843251395953941483e+02,9.850612834103533721e-02,1.000000000000000036e-10,3.201263683435540131e-02,1.000000000000000036e-10,3.159552933607434611e-02,1.000005359906923081e-10,2.332292809590306715e-01,8.026969877799050579e-03
2.977800389102918075e+02,9.812049222876995103e-02,1.000000000000000036e-10,3.162919713897327512e-02,1.000000000000000036e-10,3.124424397543212883e-02,1.000000000000000036e-10,2.253458351707548768e-01,7.664077797449264651e-03
3.118716540493035723e+02,9.775239546036873506e-02,1.000000000000000036e-10,3.126323825326959849e-02,1.000000000000000036e-10,3.090809109240133523e-02,1.000041920691728819e-10,2.176540294028082023e-01,7.317598521375812126e-03
3.266301158243521172e+02,9.740103535415145508e-02,1.000000000000000036e-10,3.091395651199380090e-02,1.000000000000000036e-10,3.058642583781279178e-02,1.000053752652242945e-10,2.101535737753164601e-01,6.986789296889339695e-03
3.420869809045344141e+02,9.706564640252124399e-02,1.000000000000000036e-10,3.058058579316402792e-02,1.000000000000000036e-10,3.027863130769437028e-02,1.000067601246405984e-10,2.028439461208823014e-01,6.670941001976515849e-03
3.582752992908631882e+02,9.674549851148395163e-02,1.000000000000000036e-10,3.026239571165367792e-02,1.000000000000000036e-10,2.998411722528659951e-02,1.000184707478442753e-10,1.957244752214185035e-01,6.369376623693634443e-03
3.752296849840636810e+02,9.643989532695651512e-02,1.000000000000000036e-10,2.995868990432559720e-02,1.000000000000000036e-10,2.970231869569572858e-02,1.000021726456191635e-10,1.887938111066939095e-01,6.081449804951066795e-03
3.929863899965216092e+02,9.614817264328601176e-02,1.000000000000000036e-10,2.966880440162444899e-02,1.000000000000000036e-10,2.943269502867806864e-02,1.000039419222734225e-10,1.820512367264178755e-01,5.806543456703394668e-03
4.115833818666486650e+02,9.586969688967750258e-02,1.000000000000000036e-10,2.939210608095321753e-02,1.000000000000000036e-10,2.917472862531034217e-02,1.000108036834518585e-10,1.754947421053923984e-01,5.544068432670412605e-03
4.310604248413961841e+02,9.560386369046236510e-02,1.000000000000000036e-10,2.912799119735920428e-02,1.000000000000000036e-10,2.892792392457566031e-02,1.000109806609920877e-10,1.691229622576342628e-01,5.293462263835868598e-03
4.514591649005110412e+02,9.535009649538972454e-02,1.000000000000000036e-10,2.887588398739104889e-02,1.000000000000000036e-10,2.869180640612611910e-02,1.000026637967489186e-10,1.629338733768398717e-01,5.054187950075395008e-03
4.728232188043204474e+02,9.510784527631610530e-02,1.000000000000000036e-10,2.863523534220036026e-02,1.000000000000000036e-10,2.846592164572014916e-02,1.000072606180894198e-10,1.569256094916085531e-01,4.825732806378324469e-03
4.951982673554641678e+02,9.487658528690623427e-02,1.000000000000000036e-10,2.840552154620046288e-02,1.000000000000000036e-10,2.824983442005501999e-02,1.000018731588038328e-10,1.510954641799505116e-01,4.607607361231336185e-03
5.186321530739800210e+02,9.465581588211158248e-02,1.000000000000000036e-10,2.818624307781214533e-02,1.000000000000000036e-10,2.804312785791962526e-02,1.000109497056907323e-10,1.454413730490466961e-01,4.399344304837571329e-03
5.431749824945833325e+02,9.444505939439795661e-02,1.000000000000000036e-10,2.797692346904323557e-02,1.000000000000000036e-10,2.784540263478518796e-02,1.000000000000000036e-10,1.399605794859580532e-01,4.200497484934784254e-03
5.688792333048914998e+02,9.424386006385576664e-02,1.000000000000000036e-10,2.777710822082202213e-02,1.000000000000000036e-10,2.765627620815158672e-02,1.000000000000000036e-10,1.346505516412027093e-01,4.010640948085786306e-03
5.957998665536622411e+02,9.405178301946892638e-02,1.000000000000000036e-10,2.758636377117595906e-02,1.000000000000000036e-10,2.747538209112532215e-02,1.000000000000000036e-10,1.295082878373758906e-01,3.829368024390600311e-03
6.239944441689819996e+02,9.386841330899331481e-02,1.000000000000000036e-10,2.740427651353227745e-02,1.000000000000000036e-10,2.730236916188477636e-02,1.000262567884055904e-10,1.245305894901947152e-01,3.656290453672328411e-03
6.535232520376659977e+02,9.369335497500275167e-02,1.000000000000000036e-10,2.723045186256967121e-02,1.000000000000000036e-10,2.713690100684296169e-02,1.000000000000000036e-10,1.197147580997535710e-01,3.491037551264453143e-03
6.844494289090611119e+02,9.352623017482009082e-02,1.000000000000000036e-10,2.706451336516257911e-02,1.000000000000000036e-10,2.697865529545939722e-02,1.000000000000000036e-10,1.150570898087903970e-01,3.333255411613000874e-03
7.168391013988566556e+02,9.336667834215206518e-02,1.000000000000000036e-10,2.690610185414588074e-02,1.000000000000000036e-10,2.682732318480329781e-02,1.000024287563064946e-10,1.105549915951886675e-01,3.182606147986488665e-03
7.507615253815846472e+02,9.321435538837463675e-02,1.000000000000000036e-10,2.675487464271530946e-02,1.000000000000000036e-10,2.668260875208972038e-02,1.000120317778903433e-10,1.062048915459559567e-01,3.038767166662514896e-03
7.862892340741150292e+02,9.306893294151263873e-02,1.000000000000000036e-10,2.661050475741522092e-02,1.000000000000000036e-10,2.654422845354331706e-02,1.000143152295943852e-10,1.020031086663118064e-01,2.901430474028909856e-03
8.234981931268026756e+02,9.293009762107873328e-02,1.000000000000000036e-10,2.647268020777415742e-02,1.000000000000000036e-10,2.641191060805714308e-02,1.000093849201087762e-10,9.794668506943376984e-02,2.770302015107528604e-03
8.624679630538961419e+02,9.279755034700754024e-02,1.000000000000000036e-10,2.634110329075278756e-02,1.000000000000000036e-10,2.628539490421366587e-02,1.000209354316557863e-10,9.403171708940166740e-02,2.645101042084263554e-03
9.032818693504993917e+02,9.267100568103536773e-02,1.000000000000000036e-10,2.621548992828626190e-02,1.000000000000000036e-10,2.616443192934969630e-02,1.000216428612844407e-10,9.025500984875953203e-02,2.525559511475483632e-03
9.460271806598633475e+02,9.255019119894303259e-02,1.000000000000000036e-10,2.609556903623633239e-02,1.000000000000000036e-10,2.604878271943089629e-02,1.000092019063648514e-10,8.661283644955401761e-02,2.411421508641486966e-03
9.907952953719418474e+02,9.243484689217851269e-02,1.000000000000000036e-10,2.598108192325021548e-02,1.000000000000000036e-10,2.593821832859388721e-02,1.000000000000000036e-10,8.310185528939958988e-02,2.302442698399742582e-03
1.037681937052218018e+03,9.232472459742857573e-02,1.000000000000000036e-10,2.587178171801984838e-02,1.000000000000000036e-10,2.583251941728903489e-02,1.000090488931164380e-10,7.971831371595217153e-02,2.198389800555977658e-03
1.086787359118635550e+03,9.221958745280867120e-02,1.000000000000000036e-10,2.576743282355486997e-02,1.000000000000000036e-10,2.573147585804380633e-02,1.000099880243715505e-10,7.645891108169529382e-02,2.099040089224901706e-03
1.138216559204330679e+03,9.211920937938633536e-02,1.000000000000000036e-10,2.566781039715304580e-02,1.000000000000000036e-10,2.563488635792121606e-02,1.000078980378267502e-10,7.332015938142920353e-02,2.004180914854769568e-03
1.192079503664454023e+03,9.202337458681975058e-02,1.000000000000000036e-10,2.557269985480581376e-02,1.000000000000000036e-10,2.554255809682715039e-02,1.000166890427882847e-10,7.029856687567109796e-02,1.913609247930159185e-03
1.248491362707178496e+03,9.193187710197947560e-02,1.000000000000000036e-10,2.548189639885678481e-02,1.000000000000000036e-10,2.545430638086676467e-02,1.000000000000000036e-10,6.739018035073288115e-02,1.827131243366642011e-03
1.307572756651619557e+03,9.184452031943446393e-02,1.000000000000000036e-10,2.539520456779520430e-02,1.000000000000000036e-10,2.536995431001654033e-02,1.000025820732116829e-10,6.459199067222926027e-02,1.744561824656543081e-03
1.369450013839241365e+03,9.176111657277896683e-02,1.000000000000000036e-10,2.531243780708258839e-02,1.000000000000000036e-10,2.528933245941500374e-02,1.000147012529962972e-10,6.190096983281395682e-02,1.665724286871395066e-03
1.434255440750181606e+03,9.168148672581044600e-02,1.000000000000000036e-10,2.523341806004153476e-02,1.000000000000000036e-10,2.521227857363994573e-02,1.000034897774127561e-10,5.931330130745043894e-02,1.590449917663105950e-03
1.502127604902107350e+03,9.160545978261147582e-02,1.000000000000000036e-10,2.515797537781372384e-02,1.000000000000000036e-10,2.513863727336218545e-02,1.000000000000000036e-10,5.682559269990978407e-02,1.518577635441387130e-03
1.573211631136461165e+03,9.153287251565100924e-02,1.000000000000000036e-10,2.508594754747361932e-02,1.000000000000000036e-10,2.506825977381921255e-02,1.000015771389007658e-10,5.443467947190180900e-02,1.449953643968049377e-03
1.647659511925648530e+03,9.146356911104946974e-02,1.000000000000000036e-10,2.501717973744654877e-02,1.000000000000000036e-10,2.500100361458024167e-02,1.000000000000000036e-10,5.213788418876423580e-02,1.384431102585681472e-03
1.725630432364623630e+03,9.139740083020297945e-02,1.000000000000000036e-10,2.495152415939383417e-02,1.000000000000000036e-10,2.493673240011418102e-02,1.000009763240814266e-10,4.993147537514855405e-02,1.321869811409026596e-03
1.807291110541828175e+03,9.133422568700044764e-02,1.000000000000000036e-10,2.488883974577471569e-02,1.000000000000000036e-10,2.487531555068844824e-02,1.000144422215007741e-10,4.781280095615422776e-02,1.262135910776507330e-03
1.892816154017244344e+03,9.127390813989433305e-02,1.000000000000000036e-10,2.482899184236408985e-02,1.000000000000000036e-10,2.481662806317053160e-02,1.000069163307039936e-10,4.577833475824265308e-02,1.205101594321300595e-03
1.982388433169749987e+03,9.121631879814096067e-02,1.000000000000000036e-10,2.477185191498509909e-02,1.000000000000000036e-10,2.476055028131440849e-02,1.000037101202370091e-10,4.382568648884582752e-02,1.150644835044234426e-03
2.076199472212140336e+03,9.116133414153448911e-02,1.000000000000000036e-10,2.471729726981108932e-02,1.000000000000000036e-10,2.470696767514901637e-02,1.000016337786505945e-10,4.195162113118612590e-02,1.098649123796535676e-03
2.174449858709828732e+03,9.110883625302124145e-02,1.000000000000000036e-10,2.466521078658434618e-02,1.000000000000000036e-10,2.465577062909396489e-02,1.000118793206030865e-10,4.015358084517080955e-02,1.049003219610877835e-03
2.277349672478910179e+03,9.105871256357422894e-02,1.000000000000000036e-10,2.461548066414831482e-02,1.000000000000000036e-10,2.460685423846231679e-02,1.000444359085904672e-10,3.842872182424605931e-02,1.001600911340716493e-03
2.385118934780593918e+03,9.101085560877808511e-02,1.000000000000000036e-10,2.456800017770666145e-02,1.000000000000000036e-10,2.456011811400915512e-02,1.000028166171280099e-10,3.677426261667907093e-02,9.563407900978759812e-04
2.497988078772556491e+03,9.096516279656041704e-02,1.000000000000000036e-10,2.452266744725917214e-02,1.000000000000000036e-10,2.451546619422417805e-02,1.000007921454185153e-10,3.518790399718677020e-02,9.131260319945599946e-04
2.616198442223104394e+03,9.092153618556797490e-02,1.000000000000000036e-10,2.447938521670511847e-02,1.000000000000000036e-10,2.447280656505368412e-02,1.000015854167808656e-10,3.366693025682986062e-02,8.718641907268231961e-04
2.740002783541624012e+03,9.087988227368315464e-02,1.000000000000000036e-10,2.443806064310072301e-02,1.000000000000000036e-10,2.443205128677883309e-02,1.000224876740401568e-10,3.220879709580407729e-02,8.324669995485312057e-04
2.869665822228791058e+03,9.084011179621609422e-02,1.000000000000000036e-10,2.439860509558910984e-02,1.000000000000000036e-10,2.439311622776729749e-02,1.000093385111967959e-10,3.081126084974651624e-02,7.948501822119258264e-04
3.005464804902059768e+03,9.080213953332605392e-02,1.000000000000000036e-10,2.436093396357996710e-02,1.050000000000000122e-10,2.435592090484361982e-02,1.000094642158935838e-10,2.947215608518127458e-02,7.589332724704522803e-04
3.147690098106771984e+03,9.076588412623931568e-02,1.000000000000000036e-10,2.432496647371662490e-02,1.050000000000000122e-10,2.432038833002336808e-02,1.000000000000000036e-10,2.818907891644145680e-02,7.246394417508295049e-04
3.296645809180351989e+03,9.073126790186281099e-02,1.000000000000000036e-10,2.429062551523997193e-02,1.102500000000000199e-10,2.428644486336928310e-02,1.000141906738281262e-10,2.695993597345404044e-02,6.918953346262135540e-04
3.452650436497230203e+03,9.069821670540534342e-02,1.000000000000000036e-10,2.425783747335419349e-02,1.157625000000000306e-10,2.425402007174537466e-02,1.000018436248792486e-10,2.578224882891052075e-02,6.606309117398456721e-04
3.616037550484811618e+03,9.066665974063514710e-02,1.000000000000000036e-10,2.422653207022151811e-02,1.157625000000000306e-10,2.422304659324159282e-02,1.000000000000000036e-10,2.465466884854213003e-02,6.307792998347938607e-04
3.787156506866571817e+03,9.063652941742494917e-02,1.000000000000000036e-10,2.419664221323536424e-02,1.215506250000000276e-10,2.419346000705524524e-02,1.000000000000000036e-10,2.357448466481381483e-02,6.022766485740405074e-04
3.966373193657480897e+03,9.060776120624436381e-02,1.000000000000000036e-10,2.416810385023615559e-02,1.276281562500000355e-10,2.416519870862621211e-02,1.000000000000000036e-10,2.254068937412731510e-02,5.750619938382772744e-04
4.154070813508864376e+03,9.058029349929008767e-02,1.000000000000000036e-10,2.414085583133518398e-02,1.276281562500000355e-10,2.413820378983011494e-02,1.000000000000000036e-10,2.155061110704249369e-02,5.490771272131933500e-04
4.350650703075626552e+03,9.055406747793304234e-02,1.000000000000000036e-10,2.411483977706296855e-02,1.340095640625000528e-10,2.411241892403159781e-02,1.000000000000000036e-10,2.060314555641194062e-02,5.242664713791533870e-04
4.556533191157659530e+03,9.052902698621156929e-02,1.000000000000000036e-10,2.408999995253280346e-02,1.340095640625000528e-10,2.408779025582297173e-02,1.000000000000000036e-10,1.969597336376083252e-02,5.005769611414745413e-04
4.772158497450504910e+03,9.050511841007646829e-02,1.000000000000000036e-10,2.406628314735370644e-02,1.340095640625000528e-10,2.406426629526192684e-02,1.000120162963867229e-10,1.882808347301575397e-02,4.779579292739644103e-04
4.997987673826894024e+03,9.048229056213563659e-02,1.000000000000000036e-10,2.404363856100899532e-02,1.340095640625000528e-10,2.404179781644444347e-02,1.000000000000000036e-10,1.799717247721716734e-02,4.563610003465168319e-04
5.234503590161749344e+03,9.046049457163829466e-02,1.000000000000000036e-10,2.402201769348621951e-02,1.407100422656250490e-10,2.402033776024592449e-02,1.000261688232421994e-10,1.720232665174633788e-02,4.357399837726649849e-04
5.482211966808712532e+03,9.043968377946853821e-02,1.000000000000000036e-10,2.400137424086667970e-02,1.407100422656250490e-10,2.399984114106512578e-02,1.000341719332500340e-10,1.644174526585003016e-02,4.160507772228427825e-04
5.741642455935710132e+03,9.041981363790418946e-02,1.000000000000000036e-10,2.398166399568313345e-02,1.407100422656250490e-10,2.398026495742855424e-02,1.000138285253698577e-10,1.571408965719110415e-02,3.972512716725606907e-04
6.013349774031784364e+03,9.040084161494177373e-02,1.000000000000000036e-10,2.396284475182786089e-02,1.477455443789063066e-10,2.396156810629568312e-02,1.000000000000000036e-10,1.501796622743100697e-02,3.793012612844925968e-04
6.297914888006570436e+03,9.038272710296268997e-02,1.000000000000000036e-10,2.394487621376595321e-02,1.477455443789063066e-10,2.394371130092931566e-02,1.000000000000000036e-10,1.435203895300299348e-02,3.621623573704102483e-04
6.595946257418731875e+03,9.036543133154939511e-02,1.000000000000000036e-10,2.392771990991193753e-02,1.477455443789063066e-10,2.392665699218721187e-02,1.000336456298828175e-10,1.371537745940907757e-02,3.457979062415628135e-04
6.908081135489438566e+03,9.034891728426353019e-02,1.000000000000000036e-10,2.391133910991349865e-02,1.477455443789063066e-10,2.391036929310619286e-02,1.000000000000000036e-10,1.310595394924978646e-02,3.301729107751949499e-04
7.234986931682564318e+03,9.033314961920235753e-02,1.000000000000000036e-10,2.389569874573238550e-02,1.477455443789063066e-10,2.389481390664704996e-02,1.000049911072710656e-10,1.252365967352365821e-02,3.152539555311140163e-04
7.577362638765364864e+03,9.031809459315986999e-02,1.000000000000000036e-10,2.388076533628291642e-02,1.477455443789063066e-10,2.387995805647680214e-02,1.000000000000000036e-10,1.196667250844767744e-02,3.010091352497745731e-04
7.935940327400752722e+03,9.030371998923203414e-02,1.000000000000000036e-10,2.386650691552105741e-02,1.477455443789063066e-10,2.386577042066551080e-02,1.000000000000000036e-10,1.143411013283919878e-02,2.874079865891054908e-04
8.311486711467112400e+03,9.028999504770696127e-02,1.000000000000000036e-10,2.385289296378778623e-02,1.551328215978516167e-10,2.385222106818818411e-02,1.000000000000000036e-10,1.092487826215137944e-02,2.744214229448704856e-04
8.704804787452367236e+03,9.027689040009012622e-02,1.000000000000000036e-10,2.383989434227484772e-02,1.628894626777442105e-10,2.383928139811386515e-02,1.000000000000000036e-10,1.043791301588371974e-02,2.620216722191148762e-04
9.116735551428004328e+03,9.026437800612274742e-02,1.000000000000000036e-10,2.382748323047345629e-02,1.628894626777442105e-10,2.382692408137687679e-02,1.000000000000000036e-10,9.972526330208481005e-03,2.501822174045820191e-04
9.548159797274020093e+03,9.025243109365521654e-02,1.000000000000000036e-10,2.381563306645073652e-02,1.710339358116314326e-10,2.381512300502741653e-02,1.000100542604923236e-10,9.527595584078963828e-03,2.388777398520947060e-04
1.000000000000000000e+04,9.024102410125056650e-02,1.000000000000000036e-10,2.380431848986042098e-02,1.710339358116314326e-10,2.380385321885913896e-02,1.000060547770202080e-10,9.102156806655121307e-03,2.280840651069926395e-04
