# # alphas_L2, errors_L2, lambdas_L2, errors_L1, lambdas_L1, errors_Huber,lambdas_Huber, huber_params, errors_BO
1.000000000000000021e-02,7.191875631463617857e-02,7.029999446013361908e-01,3.050408911338053919e-02,5.333359009031938269e-01,7.191875631460753482e-02,7.030039010446705872e-01,9.333788421635637178e+01,1.770339160217326846e-02
1.047370897959449751e-02,7.193215046723633321e-02,7.031421093293253044e-01,3.096950608818982431e-02,5.374274338050202271e-01,7.193215046710221827e-02,7.031412333168027828e-01,9.332877007865339181e+01,1.847249894442104523e-02
1.096985797892383561e-02,7.194617865744734608e-02,7.032909903046411504e-01,3.144586870927890132e-02,5.415862148983699997e-01,7.194617865726482542e-02,7.032903993041790258e-01,9.390572911443263138e+01,1.925322702175491507e-02
1.148951000187309161e-02,7.196087087965685747e-02,7.034468308911279166e-01,3.193334667694225359e-02,5.458123755938719679e-01,7.196087087949143424e-02,7.034489909002569208e-01,9.022996564981318102e+01,2.004472340016860699e-02
1.203377840777589310e-02,7.197625854335498730e-02,7.036100720298464894e-01,3.243211030369175241e-02,5.501065153120537898e-01,7.197625854320244265e-02,7.036099673398901189e-01,8.691815161481522978e+01,2.084617966536572720e-02
1.260382929679727468e-02,7.199237453037499179e-02,7.037811469133875564e-01,3.294233046670025367e-02,5.544682274059611338e-01,7.199237453025486566e-02,7.037817890657362963e-01,8.084491427987447310e+01,2.165683371246573952e-02
1.320088400831418048e-02,7.200925328948559745e-02,7.039603299311743001e-01,3.346417847325433570e-02,5.588980461905697084e-01,7.200925328937834990e-02,7.039619621529755733e-01,8.137507978165022848e+01,2.247597050733740609e-02
1.382622173764655633e-02,7.202693089502276713e-02,7.041478876332540882e-01,3.399782596098166465e-02,5.633959681415777743e-01,7.202693089490352918e-02,7.041489157664005960e-01,8.136429149460624899e+01,2.330292158437730077e-02
1.448118227674533715e-02,7.204544511275212670e-02,7.043443307136956211e-01,3.454344480662685513e-02,5.679623032487213230e-01,7.204544511255384087e-02,7.043452835445380700e-01,8.617322510333377750e+01,2.413706358325184986e-02
1.516716888470922599e-02,7.206483549537190392e-02,7.045501539691532145e-01,3.510120696443763677e-02,5.725969168126137099e-01,7.206483549515696474e-02,7.045495360293648757e-01,8.393173250638767513e+01,2.497781596719395036e-02
1.588565129428052766e-02,7.208514347374705977e-02,7.047658027230860878e-01,3.567128438148392533e-02,5.773000988657701615e-01,7.208514347356698160e-02,7.047645753028034532e-01,8.466292321088191386e+01,2.582463829022274560e-02
1.663816886076129042e-02,7.210641240950854680e-02,7.049914374185183297e-01,3.625384881539051030e-02,5.820714691641046823e-01,7.210641240950321773e-02,7.049886627521588789e-01,8.675011538727508764e+01,2.667702705729801949e-02
1.742633386009649968e-02,7.212868773309177861e-02,7.052279423603928787e-01,3.684907172501183936e-02,5.869118959764817456e-01,7.212868773287262059e-02,7.052275493612210067e-01,9.130784516012460017e+01,2.753451238571757997e-02
1.825183494319043351e-02,7.215201700561801879e-02,7.054755305134966514e-01,3.745712410766066647e-02,5.918210869308087041e-01,7.215201700549100927e-02,7.054772910780333639e-01,8.879477525736339771e+01,2.839665459815010617e-02
1.911644075385701691e-02,7.217645002595474146e-02,7.057348532893109594e-01,3.807817631503929157e-02,5.967992039940391846e-01,7.217645002578221280e-02,7.057335847077264024e-01,8.455182568484617889e+01,2.926304085572750679e-02
2.002200371815584384e-02,7.220203895400256755e-02,7.060066646702001236e-01,3.871239792009584235e-02,6.018455007263562306e-01,7.220203895392063309e-02,7.060056355553345764e-01,7.764440828413955842e+01,3.013328180036822790e-02
2.097046401323232959e-02,7.222883839781135684e-02,7.062910466128347053e-01,3.935995752099841205e-02,6.069615523855631523e-01,7.222883839771609971e-02,7.062922838228774536e-01,7.308213221406397508e+01,3.100700843793757766e-02
2.196385372416545870e-02,7.225690553631358704e-02,7.065891604783014479e-01,4.002102255393813479e-02,6.121461890822780250e-01,7.225690553621433310e-02,7.065901196664183814e-01,7.420034313345888677e+01,3.188386911708995797e-02
2.300430119772918156e-02,7.228630025032733997e-02,7.069014116277942961e-01,4.069575909380240830e-02,6.173999495535011928e-01,7.228630025018301097e-02,7.069021183201614766e-01,7.500414904363059065e+01,3.276352675847093998e-02
2.409403560239524456e-02,7.231708523278768119e-02,7.072281184000046572e-01,4.138433167389243827e-02,6.227224299785698580e-01,7.231708523262736499e-02,7.072284268786371841e-01,6.815087738091466463e+01,3.364565627721671781e-02
2.523539170434765944e-02,7.234932613160727222e-02,7.075706427933552423e-01,4.208690306209716958e-02,6.281140553730109044e-01,7.234932613158018277e-02,7.075728417564574046e-01,5.924908086841507782e+01,3.452994223085514847e-02
2.643081486974105734e-02,7.238309167940637501e-02,7.079292064086999403e-01,4.280363403899412056e-02,6.335746683449852146e-01,7.238309167931755717e-02,7.079271525828253475e-01,5.886786268596464566e+01,3.541607670424817833e-02
2.768286630392066683e-02,7.241845385175782468e-02,7.083049817026172423e-01,4.353468317681041810e-02,6.391040259917337707e-01,7.241845385169942695e-02,7.083044891249141717e-01,5.976274119701847098e+01,3.630375739686753089e-02
2.899422853882876669e-02,7.245548799357770520e-02,7.086983365303651805e-01,4.428020660367804062e-02,6.447019822755150065e-01,7.245548799342849122e-02,7.086981141761227176e-01,5.828932065566449694e+01,3.719268594213231971e-02
3.036771118035457365e-02,7.249427301385491518e-02,7.091104496323300532e-01,4.504035776492898435e-02,6.503690086209520382e-01,7.249427301380784172e-02,7.091103610652120803e-01,5.418820089723654121e+01,3.808256643301355382e-02
3.180625692794119413e-02,7.253489150559810916e-02,7.095418956244661235e-01,4.581528716202099005e-02,6.561044529010650050e-01,7.253489150553527054e-02,7.095417332780675768e-01,5.525503072774850466e+01,3.897310414458587946e-02
3.331294787934673679e-02,7.257742996051597117e-02,7.099937771256725760e-01,4.660514211847566202e-02,6.619085153466284233e-01,7.257742996048888173e-02,7.099946468053950355e-01,5.060210480987120718e+01,3.986400444296700485e-02
3.489101213406773511e-02,7.262197892411470512e-02,7.104672521201237378e-01,4.741006647765511062e-02,6.677808994781873064e-01,7.262197892405963806e-02,7.104669357378192718e-01,4.169541747800289500e+01,4.075497189479038163e-02
3.654383070957256674e-02,7.266863318600558230e-02,7.109630595172719003e-01,4.823020036281522316e-02,6.737217339292780327e-01,7.266863318598071331e-02,7.109623232617969801e-01,3.861768194404869803e+01,4.164570958246005539e-02
3.827494478516311333e-02,7.271749200087795906e-02,7.114824006326934125e-01,4.906567988168264449e-02,6.797304788630986749e-01,7.271749200085819709e-02,7.114831492327684526e-01,3.444119340759657177e+01,4.253591846219040296e-02
4.008806328898464888e-02,7.276865926111231175e-02,7.120264825295963274e-01,4.991663684033120774e-02,6.858075293003075279e-01,7.276865926107989324e-02,7.120252949659933162e-01,3.623935960645941634e+01,4.342529707079467727e-02
4.198707084443910331e-02,7.282224374153489777e-02,7.125961103483658965e-01,5.078319846281798000e-02,6.919519605047714794e-01,7.282224374149959267e-02,7.125950578602491259e-01,3.534168852917274961e+01,4.431354124695663366e-02
4.397603609302721400e-02,7.287835929765273946e-02,7.131928761671382233e-01,5.166548705676698994e-02,6.981639374175736545e-01,7.287835929761765641e-02,7.131935597074017252e-01,3.481036596099730218e+01,4.520034406506956426e-02
4.605922041145105866e-02,7.293712513405425923e-02,7.138177357309249960e-01,5.256361976021639570e-02,7.044432689950648196e-01,7.293712513401007236e-02,7.138177007306127919e-01,3.913047436879780605e+01,4.608539589590632257e-02
4.824108704165368938e-02,7.299866602062476950e-02,7.144722634487716828e-01,5.347770818261476933e-02,7.107894104009159220e-01,7.299866602058369125e-02,7.144726025841459105e-01,3.529227881058396576e+01,4.696838462504493439e-02
5.052631065335679711e-02,7.306311257310005303e-02,7.151578376545615345e-01,5.440785811048232112e-02,7.172025041483727215e-01,7.306311257307185336e-02,7.151584280217022638e-01,3.396415560955134794e+01,4.784899598607328386e-02
5.291978735958442065e-02,7.313060150455252817e-02,7.158759146342105195e-01,5.535416918998725677e-02,7.236817643757053053e-01,7.313060150450967356e-02,7.158759334865743007e-01,3.738186319204288566e+01,4.872691405103557472e-02
5.542664520663106997e-02,7.320127592059333388e-02,7.166279264472464883e-01,5.631673458099295537e-02,7.302273629722495496e-01,7.320127592057468213e-02,7.166285281815623076e-01,3.793159080196329569e+01,4.960182183795580624e-02
5.805225516094898730e-02,7.327528560978713301e-02,7.174154868786755124e-01,5.729564066009862344e-02,7.368382590575708324e-01,7.327528560975671290e-02,7.174161993050756081e-01,3.777706263942748421e+01,5.047340205915151756e-02
6.080224261649423700e-02,7.335278734026129399e-02,7.182407360153632014e-01,5.829096666098187995e-02,7.435147646198243532e-01,7.335278734023464864e-02,7.182403520527924634e-01,3.437368208085989352e+01,5.134133797902340479e-02
6.368249944718586131e-02,7.343394519414814248e-02,7.191046963734977204e-01,5.930278434266678111e-02,7.502558363051873291e-01,7.343394519413593002e-02,7.191042937108210742e-01,3.066378020210575173e+01,5.220531441049092169e-02
6.669919663030121626e-02,7.351893089964867123e-02,7.200097073543832993e-01,6.033115767075281077e-02,7.570616059443767698e-01,7.351893089962446837e-02,7.200093044220357008e-01,3.103181421801359363e+01,5.306501881056258085e-02
6.985879746785249311e-02,7.360792416714212472e-02,7.209577135030822426e-01,6.137614245183575790e-02,7.639313880453288963e-01,7.360792416713235475e-02,7.209575854201842882e-01,2.756771077619360355e+01,5.392014254292076814e-02
7.316807143427195292e-02,7.370111308214233325e-02,7.219504008122434868e-01,6.243778605963923312e-02,7.708643452808694452e-01,7.370111308213012080e-02,7.219508150527442769e-01,2.789056530211807683e+01,5.477038214094620550e-02
7.663410868007458632e-02,7.379869445053999222e-02,7.229901279884329846e-01,6.351612697296182830e-02,7.778606894922319714e-01,7.379869445052800181e-02,7.229903204728003185e-01,2.813392384021432235e+01,5.561544083323299859e-02
8.026433522257174491e-02,7.390087422696334229e-02,7.240792410130738599e-01,6.461119457434616464e-02,7.849189838673482633e-01,7.390087422694624486e-02,7.240789107542200398e-01,2.845007297099704857e+01,5.645503005169394406e-02
8.406652885618325077e-02,7.400786791797586694e-02,7.252198665890727813e-01,6.572300873912118035e-02,7.920392671388367667e-01,7.400786791796343245e-02,7.252192414074661864e-01,2.574701221106793270e+01,5.728887109367541974e-02
8.804883581643464796e-02,7.411990100901189038e-02,7.264147356838484004e-01,6.685157951200793036e-02,7.992206992995171122e-01,7.411990100899501499e-02,7.264148095481344214e-01,2.189489350071174556e+01,5.811669686496934162e-02
9.221978823334327224e-02,7.423720941341604984e-02,7.276659389231736608e-01,6.799690680689618461e-02,8.064626279623808847e-01,7.423720941340405943e-02,7.276661528402954549e-01,2.257719423832298844e+01,5.893825372771854809e-02
9.658832241158703258e-02,7.436003997433870971e-02,7.289764720150959665e-01,6.915898004218612449e-02,8.137644008878790469e-01,7.436003997432560908e-02,7.289765470600998443e-01,2.514801028803068306e+01,5.975330339679596481e-02
1.011637979766207007e-01,7.448865091288081608e-02,7.303491631596430445e-01,7.033777786924622077e-02,8.211253718033714177e-01,7.448865091286771545e-02,7.303485411075181233e-01,2.489105401265594253e+01,6.056162495479422425e-02
1.059560179277615893e-01,7.462331236299935000e-02,7.317867389802086286e-01,7.153326780932811602e-02,8.285446548862414051e-01,7.462331236297981008e-02,7.317864653334901215e-01,2.286766629498153236e+01,6.136301690613910065e-02
1.109752496412072104e-01,7.476430691348401325e-02,7.332925152527574042e-01,7.274540602479007134e-02,8.360215020022123689e-01,7.476430691347557556e-02,7.332925267879337738e-01,2.125324228740571186e+01,6.215729929100632933e-02
1.162322468679852366e-01,7.491193012601238266e-02,7.348696536961740744e-01,7.397413691790966084e-02,8.435549434624013410e-01,7.491193012600549928e-02,7.348699818551311935e-01,1.945195953869162508e+01,6.294431589191562537e-02
1.217382727739661358e-01,7.506649116296171265e-02,7.365213860124559808e-01,7.521939295575696960e-02,8.511445161622754885e-01,7.506649116295549540e-02,7.365216692694069867e-01,1.888485511862403143e+01,6.372393640193552145e-02
1.275051240713013512e-01,7.522831334963075989e-02,7.382515222073262606e-01,7.648109433063154938e-02,8.587887780921148462e-01,7.522831334962432059e-02,7.382515408526646450e-01,2.000961526683202152e+01,6.449605872277819341e-02
1.335451562929898806e-01,7.539773482679468231e-02,7.400634169154740594e-01,7.775914871656786076e-02,8.664871984924340520e-01,7.539773482678135963e-02,7.400635594211405488e-01,2.110497994026644974e+01,6.526061122639492673e-02
1.398713102647238526e-01,7.557510918975252068e-02,7.419613133336865340e-01,7.905345103000827045e-02,8.742389725855962412e-01,7.557510918974807979e-02,7.419607621589816571e-01,2.030751768497256293e+01,6.601755503379003187e-02
1.464971398307285677e-01,7.576080616466662754e-02,7.439490755943636291e-01,8.036388318680565135e-02,8.820424372549781067e-01,7.576080616465752371e-02,7.439490631516717523e-01,1.957040917736913244e+01,6.676688637661243320e-02
1.534368408930012473e-01,7.595521233687341223e-02,7.460311056779038719e-01,8.169031388520453518e-02,8.898971517521740981e-01,7.595521233686519658e-02,7.460312610930101007e-01,1.760133056667387308e+01,6.750863879441337811e-02
1.607052818261639204e-01,7.615873185461019546e-02,7.482117511648762598e-01,8.303259842405696922e-02,8.978016430610129550e-01,7.615873185460797501e-02,7.482122380165825426e-01,1.902259216125203523e+01,6.824288552658763773e-02
1.683180353330956669e-01,7.637178721504955803e-02,7.504954969607960935e-01,8.439057849054965033e-02,9.057549485753758622e-01,7.637178721504378487e-02,7.504956981332685517e-01,1.809054378426980847e+01,6.896974175933845430e-02
1.762914118095947891e-01,7.659482004465223426e-02,7.528875456614827488e-01,8.576408202428797978e-02,9.137562062183659517e-01,7.659482004464313043e-02,7.528875313869738406e-01,1.794984536806394715e+01,6.968936684540127935e-02
1.846424942895543431e-01,7.682829191991591422e-02,7.553928042369359996e-01,8.715292306069599704e-02,9.218032881786742960e-01,7.682829191990991902e-02,7.553924177881838897e-01,1.770906442832572480e+01,7.040196658742547964e-02
1.933891750455231096e-01,7.707268523905996815e-02,7.580167908123397469e-01,8.855690161562734808e-02,9.298958552770486552e-01,7.707268523905397295e-02,7.580169833511514188e-01,1.756884388391114271e+01,7.110779541385647828e-02
2.025501939230667514e-01,7.732850408294478228e-02,7.607650594506030206e-01,8.997580359198775746e-02,9.380325750663374151e-01,7.732850408293878708e-02,7.607654256237990076e-01,1.764726250557343334e+01,7.180715855163599670e-02
2.121451784910629856e-01,7.759627514871825227e-02,7.636435356647399697e-01,9.140940070065584067e-02,9.462115441784177960e-01,7.759627514871159093e-02,7.636439779252870430e-01,1.750171336547947831e+01,7.250041419732511372e-02
2.221946860939523760e-01,7.787654870495930304e-02,7.666583280593013416e-01,9.285745041506743291e-02,9.544317140176025172e-01,7.787654870495441806e-02,7.666588821702570167e-01,1.829472068492518133e+01,7.318797558408129955e-02
2.327202478960408438e-01,7.816989955386954847e-02,7.698161441650458459e-01,9.431969593266642526e-02,9.626919820025818808e-01,7.816989955386421940e-02,7.698163512626714500e-01,1.726815878653274794e+01,7.387031313355163498e-02
2.437444150122220488e-01,7.847692808148654109e-02,7.731233386224729554e-01,9.579586621210611774e-02,9.709901279977345423e-01,7.847692808147943566e-02,7.731230282771388573e-01,1.660977210691673633e+01,7.454795652458301447e-02
2.552908068239517769e-01,7.879826129924483169e-02,7.765872890073575174e-01,9.728567597545256795e-02,9.793254655879577442e-01,7.879826129923839240e-02,7.765873120398707474e-01,1.541895890884592646e+01,7.522149676976985777e-02
2.673841615839946395e-01,7.913455391406620798e-02,7.802152314986418036e-01,9.878882576958392114e-02,9.876960123491276278e-01,7.913455391406176709e-02,7.802148295566327940e-01,1.463324864232708578e+01,7.589158832424902634e-02
2.800503894183630771e-01,7.948648949585934709e-02,7.840150162424475155e-01,1.003050020681133248e-01,9.961005051238559505e-01,7.948648949585090939e-02,7.840150632994988822e-01,1.668042932302187253e+01,7.655895120492517414e-02
2.933166278390043624e-01,7.985478161376668993e-02,7.879949052473664839e-01,1.018338774046596562e-01,1.004537046727229210e+00,7.985478161376358130e-02,7.879950015181584888e-01,1.429159341876469824e+01,7.722437316573993460e-02
3.072112998861757371e-01,8.024017502416636027e-02,7.921633770354268300e-01,1.033751104544391453e-01,1.013004123351817443e+00,8.024017502416147529e-02,7.921632275657948252e-01,1.512010585988517164e+01,7.788871192520463449e-02
3.217641750250737065e-01,8.064344694259073520e-02,7.965292525781020316e-01,1.049283463168650954e-01,1.021499947212536341e+00,8.064344694258540613e-02,7.965289590692345989e-01,1.466183414161720222e+01,7.855289749706084734e-02
3.370064329271928449e-01,8.106540827235653168e-02,8.011018104525331474e-01,1.064932166149417103e-01,1.030023126901164598e+00,8.106540827235342306e-02,8.011022499463589241e-01,1.246767291193041771e+01,7.921793460741399784e-02
3.529707302730650254e-01,8.150690495072354658e-02,8.058911545906281004e-01,1.080693398424310558e-01,1.038571580803984373e+00,8.150690495072110409e-02,8.058912874550312466e-01,1.308293948448969246e+01,7.988490527203062630e-02
3.696912707195028069e-01,8.196881926155508147e-02,8.109075126529667887e-01,1.096563215499883892e-01,1.047143856792281502e+00,8.196881926155241693e-02,8.109073292729848115e-01,1.260352022447980502e+01,8.055497152317570020e-02
3.872038781812555119e-01,8.245207123329389987e-02,8.161610763440025895e-01,1.112537546995602256e-01,1.055738058518155498e+00,8.245207123329034715e-02,8.161612100300402739e-01,1.192245133871796980e+01,8.122937827187104443e-02
4.055460735840829556e-01,8.295762002452478079e-02,8.216638267953649821e-01,1.128612199872391919e-01,1.064351934274073042e+00,8.295762002452367057e-02,8.216638037602486122e-01,9.620230511311575583e+00,8.190945642482594380e-02
4.247571552536898443e-01,8.348646542622861766e-02,8.274272169207401717e-01,1.144782862354620789e-01,1.072984197494447622e+00,8.348646542622750744e-02,8.274268858043890562e-01,9.769384311898409834e+00,8.259662616269780600e-02
4.448782831127585102e-01,8.403964925934093166e-02,8.334634874595139298e-01,1.161045107141382982e-01,1.081632556252658972e+00,8.403964925933959940e-02,8.334632744333123622e-01,9.203966633713729806e+00,8.329240044143060295e-02
4.659525668664681874e-01,8.461825695549185511e-02,8.397857710561084099e-01,1.177394396835325097e-01,1.090295226812939777e+00,8.461825695549007875e-02,8.397855158915943363e-01,1.070213232463815700e+01,8.399838863187858440e-02
4.880251583654431347e-01,8.522341903445296296e-02,8.464075116076125171e-01,1.193826087341414155e-01,1.098970223090061538e+00,8.522341903445118660e-02,8.464075798951330443e-01,1.062282419059235750e+01,8.471630038697208764e-02
5.111433483440167569e-01,8.585631269513038788e-02,8.533431381723634024e-01,1.210335433683298323e-01,1.107655485048914201e+00,8.585631269512838948e-02,8.533430929213706717e-01,9.644601048491960427e+00,8.544794952130108090e-02
5.353566677410723784e-01,8.651816340445006581e-02,8.606069220489829252e-01,1.226917594557725977e-01,1.116349226347880030e+00,8.651816340444806741e-02,8.606067499907770202e-01,1.093571356532026329e+01,8.619525791262949710e-02
5.607169938205458504e-01,8.721024648380648614e-02,8.682152008487374895e-01,1.243567638126652497e-01,1.125049082616184304e+00,8.721024648380493183e-02,8.682150246590769616e-01,1.013146227211730022e+01,8.696025919254957159e-02
5.872786613189482363e-01,8.793388872624685604e-02,8.761835995391359377e-01,1.260280547460872480e-01,1.133753442515269327e+00,8.793388872624663399e-02,8.761834862968587156e-01,1.045135921383688427e+01,8.774510204244567735e-02
6.150985788580500824e-01,8.869047005695240848e-02,8.845296304522327624e-01,1.277051226405483408e-01,1.142459969019243182e+00,8.869047005695063213e-02,8.845297709418401544e-01,1.050721892563622362e+01,8.855205270108124083e-02
6.442363508721373755e-01,8.948142513506551765e-02,8.932708039330743421e-01,1.293874506034022875e-01,1.151166707031097580e+00,8.948142513506329720e-02,8.932708597812544227e-01,1.062121079064463558e+01,8.938349625291119871e-02
6.747544053110693385e-01,9.030824501477763278e-02,9.024264334435203594e-01,1.310745150577505846e-01,1.159871445018411995e+00,9.030824501477519028e-02,9.024264122596397097e-01,1.042341041694250592e+01,9.024193602376162637e-02
7.067181273927490848e-01,9.117247879610013150e-02,9.120154262020734315e-01,1.327657864456965875e-01,1.168572135098816744e+00,9.117247879609768901e-02,9.120154514907907739e-01,1.075982859984888762e+01,9.112999010648747955e-02
7.401959996915644657e-01,9.207573521936951444e-02,9.220587574720278123e-01,1.344607298639268755e-01,1.177266717129550777e+00,9.207573521936796013e-02,9.220588024866979149e-01,9.991200265932256741e+00,9.205038392414000015e-02
7.752597488629460187e-01,9.301968431809326532e-02,9.325778017003150122e-01,1.361588057988460942e-01,1.185952874200899343e+00,9.301968431809037874e-02,9.325779195130922128e-01,1.050630594567445897e+01,9.300593709253468511e-02
8.119844993184013315e-01,9.400605895588109995e-02,9.435954258272967188e-01,1.378594707663038932e-01,1.194628713479553461e+00,9.400605895587976768e-02,9.435952121251651725e-01,9.821684265621463794e+00,9.399954247680375463e-02
8.504489341802676794e-01,9.503665641621261706e-02,9.551347303614119433e-01,1.395621780851075133e-01,1.203292248751363314e+00,9.503665641621150684e-02,9.551347906539502386e-01,8.981543406506785843e+00,9.503413491418577497e-02
8.907354638610439634e-01,9.611333989287906832e-02,9.672206531827690634e-01,1.412663786056262971e-01,1.211940816372818031e+00,9.611333989287729196e-02,9.672204989176569345e-01,8.864801176266759342e+00,9.611264647375328263e-02
9.329304026284686024e-01,9.723803992392454631e-02,9.798790534090002780e-01,1.429715213818654185e-01,1.220572731534814492e+00,9.723803992392276996e-02,9.798790515209341301e-01,7.460176899779513704e+00,9.723794512382866184e-02
9.771241535346496532e-01,9.841275580836850168e-02,9.931372322049518697e-01,1.446770545099460570e-01,1.229185668297864131e+00,9.841275580836716941e-02,9.931372351660585629e-01,7.716306291997621969e+00,9.841275457750497946e-02
1.023411402105452783e+00,9.963955688532899480e-02,1.007023448798568532e+00,1.463824257922705652e-01,1.237777773177736851e+00,9.963955688532788457e-02,1.007023566674289050e+00,7.544219828724800792e+00,9.963955559017201313e-02
1.071891319205127591e+00,1.009205837396545125e-01,1.021567330923428774e+00,1.480870835101137928e-01,1.246346452583593223e+00,1.009205837396474070e-01,1.021567425793737049e+00,6.564153027534725737e+00,1.009204742358520424e-01
1.122667773510813483e+00,1.022580493265008439e-01,1.036800369184532888e+00,1.497904771921287903e-01,1.254890247538329007e+00,1.022580491515796552e-01,1.036799975264102613e+00,5.094633475641979103e+00,1.022571699206783480e-01
1.175849554052156964e+00,1.036542399197417641e-01,1.052754903730450664e+00,1.514920583305827684e-01,1.263406629670063230e+00,1.036542208266419962e-01,1.052741651773350995e+00,4.343548166415081013e+00,1.036507410959031095e-01
1.231550603292826063e+00,1.051115159728821524e-01,1.069465195416687386e+00,1.531912811472557756e-01,1.271893797890430111e+00,1.051112187356861849e-01,1.069332617538302443e+00,3.865373109212524305e+00,1.051016648689048205e-01
1.289890261253308079e+00,1.066323127570676377e-01,1.086966999849940496e+00,1.548876032810784231e-01,1.280349229201440675e+00,1.066304469751091499e-01,1.086376911406690793e+00,3.526894925640987832e+00,1.066097769304945597e-01
1.350993521198026404e+00,1.082191408733113036e-01,1.105297909294960412e+00,1.565804865503870325e-01,1.288771542771459222e+00,1.082120370993417957e-01,1.103589439903152059e+00,3.269836616569961052e+00,1.081742877064522101e-01
1.414991297434575968e+00,1.098745865301862246e-01,1.124497377379972018e+00,1.582693976352274046e-01,1.297158359573066244e+00,1.098546784810248145e-01,1.120672788880770154e+00,3.064483759794087270e+00,1.097938243873679554e-01
1.482020705798858584e+00,1.116013116087219981e-01,1.144606386543121523e+00,1.599538088017029569e-01,1.305507805951744427e+00,1.115557617917857236e-01,1.137359071953985445e+00,2.894167157158432424e+00,1.114664876480724320e-01
1.552225357427047925e+00,1.134020534659940793e-01,1.165667589433878826e+00,1.616331985481813671e-01,1.313818018848712965e+00,1.133116483651916973e-01,1.153423658105827032e+00,2.748852391406996887e+00,1.131899139552731137e-01
1.625755666443795100e+00,1.152796244646461243e-01,1.187726639316317279e+00,1.633070522639201716e-01,1.322086925037800897e+00,1.151179544299782975e-01,1.168686477911692556e+00,2.622154023869395445e+00,1.149613373269728900e-01
1.702769172225899519e+00,1.172369112219067144e-01,1.210830697716904769e+00,1.649748629296423630e-01,1.330312600579026228e+00,1.169698063351218842e-01,1.183010384432048312e+00,2.509822230182758851e+00,1.167776470278265588e-01
1.783430876931909381e+00,1.192768734853033585e-01,1.235029394737083841e+00,1.666361316430333694e-01,1.338493453082524320e+00,1.188620546990579729e-01,1.196296200569752166e+00,2.408918684189612858e+00,1.186354396200159922e-01
1.867913599020782689e+00,1.214025427064324703e-01,1.260373993447689411e+00,1.682903683096128589e-01,1.346627501805625071e+00,1.207894476708022413e-01,1.208479773124403023e+00,2.317346714376279593e+00,1.205310650127426886e-01
1.956398343517064875e+00,1.236170201423103521e-01,1.286919337343005676e+00,1.699370921375602528e-01,1.354713170857733573e+00,1.227467670667985455e-01,1.219526186910455667e+00,2.233564985681955051e+00,1.224606668965821932e-01
2.049074689815848060e+00,1.259234746481201483e-01,1.314722479936480726e+00,1.715758322334177688e-01,1.362748188779129732e+00,1.247289323005056350e-01,1.229426443404821434e+00,2.156412444759070901e+00,1.244202182345484076e-01
2.146141197858403515e+00,1.283251398977836022e-01,1.343842344396167787e+00,1.732061280965651040e-01,1.370731352196001174e+00,1.267310766615306061e-01,1.238192265012040494e+00,2.084991683485850622e+00,1.264055526960594644e-01
2.247805833548725207e+00,1.308253112065513868e-01,1.374341771603892592e+00,1.748275301091846146e-01,1.378660872612072374e+00,1.287486003035729354e-01,1.245852485703776935e+00,2.018595378594901124e+00,1.284123928302762785e-01
2.354286414322417809e+00,1.334273417909623838e-01,1.406286023933945417e+00,1.764396000308381396e-01,1.386535319942345135e+00,1.307772041379751116e-01,1.252448677346211348e+00,1.956652492166003787e+00,1.304363757224508147e-01
2.465811075822603726e+00,1.361346384688832956e-01,1.439743175276606779e+00,1.780419113496067851e-01,1.394353037710395427e+00,1.328129080697153519e-01,1.258032433254819171e+00,1.898695112086384640e+00,1.324730767551027810e-01
2.582618760682677372e+00,1.389506568305542977e-01,1.474785534191446867e+00,1.796340497766324429e-01,1.402112431255288616e+00,1.348520571834825876e-01,1.262661895589919370e+00,1.844331738758246519e+00,1.345180320210250802e-01
2.704959730463134093e+00,1.418788957011489771e-01,1.511487883073395322e+00,1.812156135250637679e-01,1.409811953049430411e+00,1.368913184637117197e-01,1.266398563373533515e+00,1.793230149718950006e+00,1.365667597250377341e-01
2.833096101839323921e+00,1.449228910222171152e-01,1.549928800420478758e+00,1.827862137060405345e-01,1.417450363506176148e+00,1.389276708365061452e-01,1.269306625918893872e+00,1.745104681624001897e+00,1.386147809140649834e-01
2.967302408188869478e+00,1.480862090459931224e-01,1.590190673939324117e+00,1.843454746215749118e-01,1.425026178073824035e+00,1.409583904817919287e-01,1.271450142233242486e+00,1.699706567824861292e+00,1.406576396805758744e-01
3.107866187782013956e+00,1.513724387520458681e-01,1.632359951941277032e+00,1.858930339904101281e-01,1.432538433466876704e+00,1.429810329772898125e-01,1.272891931567691870e+00,1.656817653146781755e+00,1.426909229951056624e-01
3.255088599835059604e+00,1.547851836029796591e-01,1.676526549398469790e+00,1.874285432284437114e-01,1.439985440691706531e+00,1.449934139022823754e-01,1.273693300403313522e+00,1.616243992922928641e+00,1.447102801954422979e-01
3.409285069746811114e+00,1.583280524846426562e-01,1.722785533356693044e+00,1.889516676470461842e-01,1.447366197223885598e+00,1.469935886287472293e-01,1.273912826564028045e+00,1.577812941692082305e+00,1.467114421024309223e-01
3.570785964900462517e+00,1.620046498842415694e-01,1.771235685577996266e+00,1.904620866033481796e-01,1.454679697733670007e+00,1.489798322250979190e-01,1.273605560619181620e+00,1.541369080729071861e+00,1.486902397879183990e-01
3.739937302478797854e+00,1.658185652459300830e-01,1.821981176660536939e+00,1.919594936571971111e-01,1.461924377799166619e+00,1.509506198840910862e-01,1.272823851921776717e+00,1.506772475419995150e+00,1.506426227368841131e-01
3.917101490809260511e+00,1.697733615164562782e-01,1.875130385274938583e+00,1.934435966853538247e-01,1.469099800720962357e+00,1.529046083391147892e-01,1.271616072731617919e+00,1.473895782968039025e+00,1.525646767478470167e-01
4.102658105827194923e+00,1.738725628668689183e-01,1.930797396100163432e+00,1.949141179423903303e-01,1.476204638088057575e+00,1.548406184246466921e-01,1.270027508636331515e+00,1.442624031703438447e+00,1.544526403743471388e-01
4.297004704320839252e+00,1.781196415778441011e-01,1.989101273998127528e+00,1.963707940978973721e-01,1.483238086054910587e+00,1.567576188381551994e-01,1.268099615567277683e+00,1.412851403997566369e+00,1.563029214509259468e-01
4.500557675700497917e+00,1.825180040852163454e-01,2.050167394330507875e+00,1.978133762796598916e-01,1.490199520736206207e+00,1.586547113518363972e-01,1.265870937531312856e+00,1.384481680077379817e+00,1.581121118787389701e-01
4.713753134116724475e+00,1.870709762750508709e-01,2.114126060673401586e+00,1.992416300723038880e-01,1.497087632460682105e+00,1.605311172361481020e-01,1.263376429180927740e+00,1.357426408402789164e+00,1.598770015372776854e-01
4.937047852839003603e+00,1.917817878827956513e-01,2.181114388322566544e+00,2.006553354088769225e-01,1.503901994752991245e+00,1.623861649633269177e-01,1.260648373203813843e+00,1.331604381136757276e+00,1.615945908577020029e-01
5.170920242896760222e+00,1.966535562164537509e-01,2.251276114709410692e+00,2.020542866131029847e-01,1.510641673128434448e+00,1.642192791649312866e-01,1.257716254032688497e+00,1.306940724279057164e+00,1.632621019393015738e-01
5.415871378079470944e+00,2.016892690963516532e-01,2.324761636351647454e+00,2.034382921955397716e-01,1.517306158144218653e+00,1.660299706143402165e-01,1.254606580155016582e+00,1.283366516487184139e+00,1.648769881422931238e-01
5.672426068491977169e+00,2.068917671427483729e-01,2.401727708277484830e+00,2.048071748228090794e-01,1.523895064214667805e+00,1.678178273317378899e-01,1.251343845822774581e+00,1.260818063540702028e+00,1.664369421553484329e-01
5.941133984965033754e+00,2.122637254141259699e-01,2.482340290338493460e+00,2.061607711297370749e-01,1.530407671398080982e+00,1.695825065660787612e-01,1.247950173699043486e+00,1.239236414280274534e+00,1.679399014567061199e-01
6.222570836730231036e+00,2.178076345321162677e-01,2.566771402161088123e+00,2.074989315940829471e-01,1.536843331827132175e+00,1.713237276718093671e-01,1.244445357454062817e+00,1.218566696222935342e+00,1.693840542369702273e-01
6.517339604882426585e+00,2.235257812840210079e-01,2.655201826139092169e+00,2.088215203213730220e-01,1.543202048171374408e+00,1.730412657165403267e-01,1.240847918213982437e+00,1.198758642182624179e+00,1.707678404866183053e-01
6.826071834272386063e+00,2.294202288762969832e-01,2.747821527362217520e+00,2.101284148419162445e-01,1.549483058299757632e+00,1.747349457914262327e-01,1.237173785918624258e+00,1.179764685318649864e+00,1.720899535621041032e-01
7.149428986597577307e+00,2.354927969140729882e-01,2.844828594351664908e+00,2.114195059467394167e-01,1.555686213461715539e+00,1.764046379431727374e-01,1.233438049976122830e+00,1.161541365843827833e+00,1.733493389558584674e-01
7.488103857590022727e+00,2.417450412018486983e-01,2.946431090794729535e+00,2.126946973599355140e-01,1.561811466638791224e+00,1.780502526623122250e-01,1.229654163311710180e+00,1.144047725920809055e+00,1.745451915546976096e-01
7.842822061337681561e+00,2.481782335347921808e-01,3.052846595028216647e+00,2.139539055866190864e-01,1.567858179587092060e+00,1.796717368462192876e-01,1.225833872830459637e+00,1.127245809106702579e+00,1.756769511228339908e-01
8.214343584919429730e+00,2.547933415829366499e-01,3.164302935560090013e+00,2.151970595539332010e-01,1.573826278639285814e+00,1.812690701573964613e-01,1.221988328710335692e+00,1.111100076590138652e+00,1.767442962340347590e-01
8.603464416684500904e+00,2.615910090326007964e-01,3.281039556661637491e+00,2.164241003886293591e-01,1.579715773414111624e+00,1.828422618472604899e-01,1.218127080334973522e+00,1.095577311936655862e+00,1.777471366358867044e-01
9.011018251665019463e+00,2.685715361944114310e-01,3.403305605872868789e+00,2.176349811170144033e-01,1.585526688881879309e+00,1.843913478875376377e-01,1.214258949454862790e+00,1.080646553315927960e+00,1.786856042905287101e-01
9.437878277775380909e+00,2.757348611191574594e-01,3.531363529132242718e+00,2.188296663587652180e-01,1.591258788871575458e+00,1.859163883537933160e-01,1.210391499545399707e+00,1.066278635115685880e+00,1.795600431846715583e-01
9.884959046625585444e+00,2.830805415433585992e-01,3.665487760878590962e+00,2.200081319656150836e-01,1.596912203622350646e+00,1.874174650718338775e-01,1.206532271256243183e+00,1.052446363403938712e+00,1.803709980071042107e-01
1.035321843295662703e+01,2.906077377710447607e-01,3.805965436404322055e+00,2.211703648099878627e-01,1.602486946768176157e+00,1.888946796744295220e-01,1.202687095355079894e+00,1.039124256329478690e+00,1.811192019611982396e-01
1.084365968689610860e+01,2.983151966825741130e-01,3.953098054326266819e+00,2.223163623548385370e-01,1.607983097758757474e+00,1.903481516048610711e-01,1.198861713568158516e+00,1.026288143046547141e+00,1.818055637816273773e-01
1.135733358343105159e+01,3.062012370662743344e-01,4.107200347395579598e+00,2.234461323785998932e-01,1.613400879512877584e+00,1.917780164523317232e-01,1.195060987500774718e+00,1.013915572978067559e+00,1.824311541889472865e-01
1.189534067370319548e+01,3.142637364902043373e-01,4.268602059146811456e+00,2.245596925969590707e-01,1.618740483433933619e+00,1.931844244774729713e-01,1.191289524270847888e+00,1.001985256599208896e+00,1.829971919133465130e-01
1.245883364295008100e+01,3.225001198589090290e-01,4.437650094249951493e+00,2.256570703816764834e-01,1.624001941923426173e+00,1.945675392156676065e-01,1.187551136048691003e+00,9.904771394155079678e-01,1.835050294693238992e-01
1.304901978014402886e+01,3.309073498669115043e-01,4.614705971251132688e+00,2.267383023386120300e-01,1.629186060393722713e+00,1.959275361720784758e-01,1.183849216542878668e+00,9.793724643829129217e-01,1.839561388254482566e-01
1.366716356462007376e+01,3.394819195177420923e-01,4.800149042494326501e+00,2.278034340233836552e-01,1.634292288646193247e+00,1.972646017461499035e-01,1.180186762953611801e+00,9.686533435443804851e-01,1.843520971015699672e-01
1.431458937523478525e+01,3.482198468769175381e-01,4.994376712028834930e+00,2.288525195897650466e-01,1.639321639624693461e+00,1.985789321975113264e-01,1.176566328873470235e+00,9.583030446352993614e-01,1.846945725424384843e-01
1.499268432786045580e+01,3.571166722062544263e-01,5.197805341081075170e+00,2.298856214074287418e-01,1.644274181247801225e+00,1.998707326435513743e-01,1.172990297227755274e+00,9.483056908065279345e-01,1.849853106308916306e-01
1.570290124729377546e+01,3.661674576303326489e-01,5.410870332089823265e+00,2.309028097321117468e-01,1.649150499067358222e+00,2.011402162363415957e-01,1.169460735794116468e+00,9.386462965672243142e-01,1.852261208006342752e-01
1.644676177994664457e+01,3.753667894395478211e-01,5.634028587699679846e+00,2.319041623861055612e-01,1.653950709540236375e+00,2.023876033579545819e-01,1.165979142429364845e+00,9.293105322419475955e-01,1.854188635486451187e-01
1.722585965398787522e+01,3.847087831470026309e-01,5.867757705588820372e+00,2.328897643855654120e-01,1.658675652302369574e+00,2.036131209038121170e-01,1.162547023150348746e+00,9.202851072360973550e-01,1.855654381909153106e-01
1.804186409392071866e+01,3.941870913613518823e-01,6.112559178776509228e+00,2.338597075874562226e-01,1.663325368587634800e+00,2.048170015646784137e-01,1.159165680413046129e+00,9.115573274930379721e-01,1.856677712727008434e-01
1.889652339691209448e+01,4.037949145387789152e-01,6.368956882258094865e+00,2.348140904433153597e-01,1.667900827811572784e+00,2.059994832609153281e-01,1.155835736629541977e+00,9.031147843524383045e-01,1.857278056915017128e-01
1.979166867853557221e+01,4.135250146282374306e-01,6.637500436055756126e+00,2.357530175335678102e-01,1.672402330260511327e+00,2.071608085256497755e-01,1.152558322543387082e+00,8.949461819306725463e-01,1.857474906050919916e-01
2.072921779595371916e+01,4.233697316156899149e-01,6.918765308870831632e+00,2.366765993698014547e-01,1.676830454449741881e+00,2.083012240352493105e-01,1.149334203990030279e+00,8.870408696392622083e-01,1.857287720682319065e-01
2.171117945694505380e+01,4.333210029276384212e-01,7.213353730174064893e+00,2.375849519622166284e-01,1.681185989823386073e+00,2.094209800075994554e-01,1.146163406976843380e+00,8.793881213499402660e-01,1.856735845143462349e-01
2.273965752357927528e+01,4.433703856307960045e-01,7.521897387810355440e+00,2.384781966194686742e-01,1.685469042341576795e+00,2.105203298505868847e-01,1.143046358353894565e+00,8.719782392543680150e-01,1.855838430202677580e-01
2.381685551976158166e+01,4.535090813355151518e-01,7.845056602652373812e+00,2.393564595134081152e-01,1.689680792188562375e+00,2.115995296671149273e-01,1.139983433124580614e+00,8.648019108968721946e-01,1.854614363524870191e-01
2.494508135230316626e+01,4.637279636742521749e-01,8.183524414674501202e+00,2.402198715007992647e-01,1.693821449321487593e+00,2.126588379011349339e-01,1.136974555132072240e+00,8.578501152706404786e-01,1.853082208728442648e-01
2.612675225563329207e+01,4.740176081995912671e-01,8.538025520112370259e+00,2.410685677181718667e-01,1.697892046795049792e+00,2.136985149223495917e-01,1.134019901136791297e+00,8.511144542310276062e-01,1.851260149234292829e-01
2.736439997074672092e+01,4.843683245190679720e-01,8.909319677573758867e+00,2.419026873530860655e-01,1.701892828115606715e+00,2.147188227016241235e-01,1.131118914417221788e+00,8.445867218210182381e-01,1.849165943827423275e-01
2.866067616948250318e+01,4.947701904540398044e-01,9.298202904141421143e+00,2.427223733853578480e-01,1.705824969929664148e+00,2.157200245162431695e-01,1.128271979235407230e+00,8.382593614739279886e-01,1.846816884968327521e-01
3.001835813575588929e+01,5.052130879849737743e-01,9.705507804326330756e+00,2.435277722105513298e-01,1.709689019139481125e+00,2.167023845532316528e-01,1.125478449535059378e+00,8.321248848765292472e-01,1.844229765895799567e-01
3.144035471591499942e+01,5.156867407239653645e-01,1.013210670184952988e+01,2.443190335134928226e-01,1.713485417453922910e+00,2.176661677307365483e-01,1.122738105598019676e+00,8.261762771952301243e-01,1.841420853271243940e-01
3.292971255097151584e+01,5.261807526374713273e-01,1.057891412797791375e+01,2.450963098553178288e-01,1.717215053673351921e+00,2.186116393542887337e-01,1.120050244254863436e+00,8.204066953026784015e-01,1.838405865291616870e-01
3.448962260405759395e+01,5.366846477229163526e-01,1.104688708348917991e+01,2.458597565861317946e-01,1.720878939010552999e+00,2.195390649100636971e-01,1.117414921966442654e+00,8.148099642476266391e-01,1.835199955552653250e-01
3.612342699709430605e+01,5.471879103285551826e-01,1.153702807810298125e+01,2.466095314317837683e-01,1.724477486702491458e+00,2.204487097988978572e-01,1.114831248733901603e+00,8.093798463053321068e-01,1.831817700811845251e-01
3.783462617131929306e+01,5.576800258067484695e-01,1.205038811387602316e+01,2.473457943816985694e-01,1.728011845733584462e+00,2.213408391257558616e-01,1.112298799811590078e+00,8.041104470221249745e-01,1.828273094805143995e-01
3.962688638701478538e+01,5.681505211748476558e-01,1.258806606086701052e+01,2.480687074348071341e-01,1.731482278986576473e+00,2.222157175225849546e-01,1.109816990293549965e+00,7.989960792269945600e-01,1.824579513246404883e-01
4.150404757850476756e+01,5.785890054619984291e-01,1.315121414998446703e+01,2.487784343360397443e-01,1.734889907587214397e+00,2.230736088950489027e-01,1.107385362942100659e+00,7.940315710259495674e-01,1.820749864435824428e-01
4.347013158125026422e+01,5.889852094291057050e-01,1.374103941367807202e+01,2.494751404100465919e-01,1.738235488641142634e+00,2.239147762862783164e-01,1.105002909249366727e+00,7.892115205015830526e-01,1.816796295584162113e-01
4.552935074866947929e+01,5.993290243475761780e-01,1.435880552371555297e+01,2.501589923214235789e-01,1.741519638701384487e+00,2.247394816676118179e-01,1.102669347128309774e+00,7.845311644258969874e-01,1.812730477197239676e-01
4.768611697714469244e+01,6.096105395394362247e-01,1.500583498806245508e+01,2.508301579159128991e-01,1.744743483182843224e+00,2.255479858291740136e-01,1.100383982643855507e+00,7.799858153732888155e-01,1.808563546160466551e-01
4.994505115855140076e+01,6.198200784023507603e-01,1.568351528685794349e+01,2.514888059942070875e-01,1.747907490218700843e+00,2.263405481878990599e-01,1.098145723749503588e+00,7.755707592985405796e-01,1.804305994205631647e-01
5.231099308056263197e+01,6.299482326449188374e-01,1.639329793899992183e+01,2.521351061851468955e-01,1.751012661464268927e+00,2.271174266648741114e-01,1.095954211473629147e+00,7.712817557779314548e-01,1.799967808335437569e-01
5.478901179593945159e+01,6.399858945026433155e-01,1.713670363777447392e+01,2.527692286884049011e-01,1.754059601605616026e+00,2.278788775289382063e-01,1.093808521968074210e+00,7.671145796111182857e-01,1.795558449841463400e-01
5.738441648302392650e+01,6.499242867122891898e-01,1.791532534655972952e+01,2.533913441908701714e-01,1.757049322297258520e+00,2.286251553467997244e-01,1.091708154796125818e+00,7.630653111394787302e-01,1.791086849839762518e-01
6.010276782070381785e+01,6.597549900556540781e-01,1.873083044148451393e+01,2.540016236650262105e-01,1.759982789371253187e+00,2.293565127462331432e-01,1.089652148728976533e+00,7.591299651417870997e-01,1.786561441565068797e-01
6.294988990221887804e+01,6.694699683167698590e-01,1.958496702418410962e+01,2.546002382370380346e-01,1.762860237872965641e+00,2.300732004570185119e-01,1.087640040339137304e+00,7.553049780757022935e-01,1.781990172751860557e-01
6.593188271333548300e+01,6.790615905150584330e-01,2.047956394295384186e+01,2.551873589916155982e-01,1.765683000005630721e+00,2.307754670702095723e-01,1.085670662208463089e+00,7.515866612083585974e-01,1.777380523773129939e-01
6.905513520162330110e+01,6.885226503268071507e-01,2.141654066051195571e+01,2.557631569260276905e-01,1.768451518061999517e+00,2.314635590463471893e-01,1.083743565971688971e+00,7.479717030357879715e-01,1.772739524163208236e-01
7.232633896483532965e+01,6.978463826161536154e-01,2.239790139733316465e+01,2.563278027447113416e-01,1.771166899990552768e+00,2.321377206021268957e-01,1.081857946538477888e+00,7.444567657329106414e-01,1.768073771440012987e-01
7.575250258771912115e+01,7.070264770496231810e-01,2.342575100571161073e+01,2.568814667604386592e-01,1.773829992257514032e+00,2.327981936120380180e-01,1.080013004897820927e+00,7.410386929898906683e-01,1.763389448121472913e-01
7.934096665797491710e+01,7.160570887801532836e-01,2.450228979947247865e+01,2.574243187804632349e-01,1.776441349656845414e+00,2.334452175620522763e-01,1.078208193670162629e+00,7.377144754675004634e-01,1.758692339727573328e-01
8.309941949353395785e+01,7.249328462310521415e-01,2.562982536928537769e+01,2.579565279905691177e-01,1.779001686841515717e+00,2.340790294710701769e-01,1.076442460488745478e+00,7.344810801277822376e-01,1.753987853723356638e-01
8.703591361485165123e+01,7.336488560272905746e-01,2.681077418904100540e+01,2.584782628505681856e-01,1.781512103142864900e+00,2.346998638473793974e-01,1.074715062324060444e+00,7.313357186254926257e-01,1.749281034069969376e-01
9.115888299750827173e+01,7.422007051536879674e-01,2.804766488313498485e+01,2.589896909932343227e-01,1.783973584422699599e+00,2.353079526090531282e-01,1.073025677070134520e+00,7.282758718301121093e-01,1.744576582646706342e-01
9.547716114208056126e+01,7.505844604411310295e-01,2.934314828847192302e+01,2.594909791298758428e-01,1.786386426153242057e+00,2.359035250481713586e-01,1.071373175542030376e+00,7.252986517104450526e-01,1.739878871434048513e-01
1.000000000000000000e+02,7.587966655015538908e-01,3.069999923706060230e+01,2.599822929650592584e-01,1.788751125335695580e+00,2.364868077762927179e-01,1.069757109698862285e+00,7.224016527318631864e-01,1.735191962038289404e-01
